# Wavefront Object File
# Generated using SpeedTree tools

mtllib Marigold_Patch.mtl

v -0.0324457 0.602703 2.17968
v -0.119999 9.2394e-008 2.11373
v 0.00585758 0.02729 1.92892
v 0.0995693 0.535512 1.91829
v 0.230146 0.702812 2.05838
v 0.344448 0.62749 2.18994
v 0.243564 0.982391 2.24553
v -0.237105 0.680469 2.178
v -0.424379 0.125099 2.10483
v 0.260939 0.696217 2.35915
v 0.0512371 0.51866 2.36066
v 0.0241454 0.092436 2.3939
v -0.33959 0.554408 0.965764
v -0.360697 4.17505e-008 0.955141
v -0.32614 0.023482 1.15338
v -0.30535 0.484654 1.21983
v -0.500146 0.952857 1.18588
v -0.546793 0.983378 1.02756
v -0.533765 0.87715 0.955582
v -0.522444 0.550827 0.896606
v -0.615638 0.110622 0.85927
v -0.267545 0.97625 0.947934
v -0.18341 0.555554 0.848835
v -0.142664 0.0943218 0.786467
v 0.379405 0.342697 1.58007
v 0.376538 6.92941e-008 1.58526
v 0.412982 0.0155601 1.4665
v 0.425464 0.306187 1.42552
v 0.405284 0.630529 1.48469
v 0.373253 0.681363 1.57105
v 0.284228 0.570658 1.59969
v 0.262113 0.336777 1.60803
v 0.210778 0.063122 1.62383
v 0.451193 0.579098 1.64664
v 0.462894 0.341764 1.66529
v 0.494132 0.0614797 1.706
v 1.52216 0.477116 2.39
v 1.51678 1.04457e-007 2.38969
v 1.67048 0.0218112 2.46856
v 1.72173 0.428171 2.49412
v 1.64055 0.870833 2.45036
v 1.52749 0.949688 2.39029
v 1.40848 0.794152 2.46461
v 1.38046 0.468462 2.47985
v 1.31693 0.0872962 2.5172
v 1.52318 0.804532 2.25269
v 1.51787 0.474742 2.22416
v 1.50999 0.0857381 2.15491
v 2.23025 0.380852 1.69508
v 2.22708 7.48607e-008 1.71261
v 2.17551 0.0142272 1.58369
v 2.16417 0.358873 1.52646
v 2.22076 0.732789 1.59602
v 2.2675 0.75122 1.70426
v 2.16457 0.637519 1.7715
v 2.14834 0.378289 1.80176
v 2.11157 0.0758462 1.86027
v 2.33872 0.617107 1.69881
v 2.35992 0.360972 1.71317
v 2.41378 0.0635667 1.73326
v 2.88346 0.520315 -0.297138
v 2.91009 -1.23822e-008 -0.283272
v 3.06173 0.022426 -0.394579
v 3.08723 0.473845 -0.433917
v 3.02981 0.757944 -0.416788
v 3.06379 0.900446 -0.426045
v 2.92785 0.90378 -0.227129
v 2.90182 0.514974 -0.114214
v 2.93057 0.101011 -0.0267218
v 2.79991 0.870494 -0.453076
v 2.71913 0.508522 -0.379295
v 2.67191 0.0878117 -0.39532
v 1.38568 0.481885 1.40043
v 1.3995 6.07309e-008 1.38936
v 1.35382 0.0290414 1.2211
v 1.32112 0.466092 1.18587
v 1.34827 0.922198 1.31304
v 1.42291 0.948037 1.43997
v 1.27735 0.795662 1.50762
v 1.2662 0.465382 1.5208
v 1.22715 0.0771602 1.56239
v 1.51856 0.786944 1.43269
v 1.55387 0.461933 1.43507
v 1.62916 0.0835476 1.44872
v 2.10397 0.575126 0.496896
v 2.07839 2.17472e-008 0.497518
v 2.27861 0.0264988 0.436957
v 2.36101 0.505946 0.421403
v 2.30976 1.06857 0.583228
v 2.14632 1.10467 0.64596
v 2.10434 0.913559 0.703272
v 2.05632 0.565144 0.693618
v 2.01616 0.105867 0.776403
v 2.04257 0.995113 0.429993
v 1.96176 0.579908 0.3551
v 1.87933 0.103963 0.300177
v 1.09056 0.466733 0.043905
v 1.07268 1.75237e-009 0.0400896
v 0.93094 0.0236944 -0.0508273
v 0.906142 0.463191 -0.0748189
v 1.04585 0.888453 -0.0457223
v 1.19132 0.880058 -0.00988896
v 1.0973 0.774704 0.182636
v 1.08403 0.455651 0.208312
v 1.06715 0.0816863 0.274068
v 1.21566 0.74128 -0.019001
v 1.22958 0.432691 -0.0343684
v 1.27795 0.077979 -0.068758
v 0.347164 0.464458 -0.0970862
v 0.371253 -3.95288e-009 -0.0904313
v 0.491615 0.0202478 -0.20894
v 0.501768 0.45926 -0.256657
v 0.371253 0.929466 -0.141048
v 0.291955 0.897308 -0.0248887
v 0.363516 0.775416 0.03107
v 0.386679 0.458851 0.0631427
v 0.422271 0.0889759 0.135436
v 0.210352 0.732313 -0.135039
v 0.197631 0.426048 -0.14006
v 0.147363 0.0747209 -0.157096
v 2.22027 0.359106 -0.779025
v 2.21905 -3.31786e-008 -0.759038
v 2.09151 0.0149487 -0.786017
v 2.0524 0.340734 -0.814179
v 2.19355 0.704745 -0.794651
v 2.2978 0.697525 -0.758417
v 2.28236 0.586989 -0.68779
v 2.26121 0.357948 -0.659037
v 2.27737 0.0733009 -0.593028
v 2.31844 0.572999 -0.863524
v 2.30162 0.337382 -0.871273
v 2.33481 0.0559953 -0.89638
v 1.10648 0.593337 -1.12599
v 1.111 -4.90784e-008 -1.12278
v 1.16373 0.0274698 -1.33075
v 1.17722 0.538889 -1.39813
v 1.14353 1.09041 -1.28466
v 1.102 1.18102 -1.12916
v 1.22616 0.987603 -1.00672
v 1.25472 0.582579 -0.979324
v 1.32031 0.108567 -0.915436
v 0.937941 0.993476 -1.08556
v 0.907064 0.585351 -1.07392
v 0.827905 0.10527 -1.04858
v 1.38912 0.612611 -2.4226
v 1.36443 -1.05378e-007 -2.41077
v 1.17369 0.0336649 -2.30008
v 1.13961 0.605503 -2.27661
v 1.19297 1.04551 -2.50502
v 1.26293 0.995455 -2.67883
v 1.52609 1.05169 -2.45768
v 1.57632 0.594004 -2.31611
v 1.63509 0.101457 -2.2622
v 1.36946 0.88848 -2.67195
v 1.3812 0.574111 -2.63432
v 1.36302 0.105393 -2.71478
v 1.40306 0.411053 -2.57594
v 1.39344 -1.12537e-007 -2.57454
v 1.38835 0.0183949 -2.72378
v 1.38648 0.35383 -2.77234
v 1.39433 0.726653 -2.68669
v 1.41346 0.814427 -2.60002
v 1.51503 0.680813 -2.51971
v 1.53038 0.399518 -2.50688
v 1.57602 0.0694235 -2.47689
v 1.31776 0.712 -2.51525
v 1.28729 0.424082 -2.50161
v 1.22319 0.0827835 -2.46961
v 0.109995 0.627105 -1.47053
v 0.0713736 -5.8989e-008 -1.34951
v -0.0556146 0.0470967 -1.15749
v -0.0553204 0.703977 -1.22279
v -0.0890173 0.850671 -1.9199
v 0.0273011 0.682878 -1.87894
v 0.26322 0.888201 -1.80502
v 0.336366 0.60331 -1.45314
v 0.40021 0.0981809 -1.34236
v 0.0223928 0.663804 -1.72154
v -0.000620507 0.530185 -1.63572
v -0.070114 0.0960073 -1.64032
v -0.293141 0.449828 -1.95506
v -0.29331 -8.59753e-008 -1.96688
v -0.395427 0.0218374 -2.09298
v -0.425947 0.422477 -2.12267
v -0.407173 0.706309 -2.04135
v -0.467763 0.800715 -1.96963
v -0.222774 0.784121 -1.95531
v -0.136737 0.440771 -1.97863
v -0.071444 0.08103 -1.99786
v -0.395329 0.719101 -1.82356
v -0.352786 0.433957 -1.81042
v -0.376358 0.077695 -1.7593
v -1.1045 0.515131 -1.36696
v -1.08992 -5.99938e-008 -1.3725
v -1.06417 0.0229068 -1.18749
v -1.06087 0.465038 -1.13147
v -1.06329 0.916095 -1.20373
v -1.07489 1.01472 -1.32318
v -0.996432 0.860385 -1.45676
v -0.962033 0.50936 -1.47995
v -0.890904 0.0993191 -1.53161
v -1.26143 0.863059 -1.40861
v -1.27767 0.507351 -1.42591
v -1.33127 0.0873273 -1.4618
v -1.65245 0.46825 -2.09364
v -1.61926 -9.23888e-008 -2.11361
v -1.77801 0.0143234 -2.17684
v -1.85564 0.414998 -2.18015
v -1.80813 0.844627 -2.13041
v -1.70408 0.929866 -2.08136
v -1.56623 0.789344 -2.16338
v -1.5211 0.471773 -2.19424
v -1.4399 0.102717 -2.25212
v -1.65887 0.780568 -1.94592
v -1.63237 0.457442 -1.93192
v -1.5967 0.0761646 -1.88054
v -1.11587 0.609332 -0.796405
v -1.10428 -3.5036e-008 -0.80153
v -1.01645 0.0280148 -0.599271
v -0.9976 0.560823 -0.532454
v -1.05764 1.12869 -0.640969
v -1.12735 1.21286 -0.791329
v -1.01933 1.01578 -0.936613
v -0.98977 0.600165 -0.969933
v -0.927845 0.114162 -1.04658
v -1.29918 1.01037 -0.808282
v -1.32713 0.59352 -0.815804
v -1.40531 0.104472 -0.829388
v -1.85116 0.441915 -1.06495
v -1.83066 -4.53334e-008 -1.03711
v -1.9921 0.0210547 -1.03589
v -2.05991 0.386636 -1.05668
v -2.02833 0.769596 -1.1042
v -1.93643 0.865679 -1.12291
v -1.83035 0.724715 -1.21159
v -1.77382 0.427495 -1.19998
v -1.72524 0.0717723 -1.23443
v -1.83227 0.764736 -0.992594
v -1.77428 0.453685 -0.933323
v -1.7251 0.0891899 -0.853616
v -2.01318 0.393405 -0.352521
v -2.04953 -1.56115e-008 -0.357149
v -1.93824 0.017333 -0.263674
v -1.87844 0.325178 -0.227709
v -1.9264 0.485939 -0.252722
v -1.99982 0.494242 -0.158579
v -1.93197 0.676664 -0.297335
v -1.98993 0.384401 -0.490487
v -2.00897 0.0693301 -0.551863
v -2.08331 0.593068 -0.208712
v -2.13799 0.414493 -0.306154
v -2.22523 0.0785508 -0.288101
v -2.95311 0.494607 0.0663988
v -2.94793 2.36915e-009 0.0541999
v -3.10083 0.0207988 0.148177
v -3.15227 0.436648 0.187081
v -3.0746 0.897505 0.145616
v -2.97278 0.983183 0.0759628
v -2.95919 0.825467 -0.0695294
v -2.9562 0.488294 -0.107765
v -2.95339 0.0942676 -0.190275
v -2.83406 0.838552 0.145681
v -2.80433 0.494919 0.151405
v -2.73674 0.0883801 0.176102
v -0.710011 0.577414 0.548267
v -0.692867 2.36699e-008 0.541504
v -0.486403 0.026785 0.514547
v -0.430354 0.525474 0.519595
v -0.549075 0.921789 0.468233
v -0.602088 1.02263 0.352538
v -0.806469 0.882538 0.341517
v -0.834627 0.563239 0.388203
v -0.873191 0.100397 0.315892
v -0.78973 1.02663 0.590761
v -0.787907 0.57189 0.72819
v -0.801677 0.108142 0.805422
v -0.722656 0.380874 1.15499
v -0.710591 5.07842e-008 1.16181
v -0.713785 0.0233339 1.29919
v -0.727555 0.376207 1.3331
v -0.588631 0.701101 1.13762
v -0.585543 0.608439 1.05255
v -0.777907 0.625105 1.04467
v -0.836711 0.367864 1.08529
v -0.874877 0.0610348 1.06153
v -0.603454 0.550923 1.07851
v -0.603726 0.358786 1.09564
v -0.546676 0.0646869 1.07279
v -1.8406 0.604201 1.56895
v -1.85504 6.9264e-008 1.58457
v -1.63812 0.0325157 1.54522
v -1.56067 0.545917 1.51658
v -1.69917 1.15156 1.48552
v -1.88211 1.19177 1.51566
v -1.94592 1.00334 1.42412
v -1.97964 0.590408 1.40687
v -2.04924 0.106529 1.35143
v -1.88409 1.02059 1.72687
v -1.90697 0.601617 1.7709
v -1.94947 0.106241 1.86511
v 0.11357 0.506322 2.01373
v -0.108686 0.263663 2.13414
v -0.118041 0.246207 1.98874
v 0.0174013 0.421262 1.86914
v 0.25925 0.417023 1.76974
v 0.376051 0.432059 1.79479
v 0.350686 0.588817 1.84983
v 0.0856663 0.641535 2.04581
v -0.223429 0.420519 2.21658
v 0.342814 0.420785 1.96172
v 0.182206 0.424792 2.10474
v 0.0842402 0.262589 2.21101
v 0.477982 0.471475 2.35452
v 0.117545 0.479494 2.22397
v 0.338444 0.646345 2.18998
v 0.222445 0.737567 1.95114
v 0.559689 0.655908 2.16137
v 0.489536 0.72987 2.04927
v 0.450138 0.598227 2.24597
v 0.496004 0.697065 2.1255
v 0.337165 0.651319 2.19382
v 0.264405 0.703178 2.04228
v 0.19663 0.535618 2.2188
v 0.344223 0.538946 2.27856
v -0.492459 0.628026 1.12456
v -0.349493 0.294285 0.960779
v -0.335324 0.271975 1.12246
v -0.415371 0.47841 1.25406
v -0.500379 0.600903 1.43816
v -0.56568 0.700145 1.49502
v -0.504054 0.826604 1.37194
v -0.397729 0.7422 1.07127
v -0.212452 0.462559 0.871398
v -0.690895 0.705415 1.34269
v -0.630355 0.603144 1.05916
v -0.567363 0.314468 0.888886
v -0.518671 1.28599 0.871417
v -0.494462 0.838081 0.714138
v -0.532641 0.978886 1.02734
v -0.679709 0.681114 1.13196
v -0.637465 1.1918 1.14095
v -0.693998 0.968565 1.23101
v -0.548957 1.14386 1.02335
v -0.638561 1.07985 1.19169
v -0.525352 0.978714 1.03032
v -0.622119 0.792416 1.09117
v -0.502186 0.893955 0.820358
v -0.502273 1.07876 0.889866
v 0.304129 0.504319 1.38259
v 0.378297 0.210232 1.58208
v 0.241687 0.18035 1.53877
v 0.152479 0.387014 1.38032
v 0.0477055 0.559798 1.31064
v 0.0304987 0.672351 1.29371
v 0.16587 0.720679 1.3794
v 0.326494 0.587482 1.4944
v 0.399182 0.377206 1.70799
v 0.176596 0.677335 1.18334
v 0.403795 0.48336 1.28972
v 0.517707 0.213828 1.42859
v 0.392075 0.830295 1.81899
v 0.565173 0.862177 1.45284
v 0.371467 0.673173 1.57083
v 0.278824 0.609522 1.29537
v 0.183819 0.648411 1.71296
v 0.152179 0.586756 1.56815
v 0.330216 0.709435 1.70156
v 0.204531 0.613353 1.63377
v 0.375403 0.668263 1.57223
v 0.31578 0.633813 1.39882
v 0.501099 0.797778 1.50068
v 0.434955 0.776836 1.65451
v 1.70912 0.655923 2.48541
v 1.52044 0.324556 2.3899
v 1.65505 0.301936 2.30968
v 1.82971 0.547412 2.35492
v 2.01213 0.721102 2.43428
v 2.04999 0.817542 2.51033
v 1.898 0.912543 2.48182
v 1.60713 0.755257 2.42919
v 1.38634 0.493351 2.31582
v 1.92354 0.765365 2.64086
v 1.69952 0.609815 2.6287
v 1.54421 0.332694 2.61467
v 1.3054 1.03353 2.28842
v 1.46871 1.065 2.61195
v 1.52887 0.936275 2.38894
v 1.78393 0.939433 2.46493
v 1.52844 0.943186 2.17701
v 1.66124 0.916958 2.22551
v 1.44861 0.960769 2.29367
v 1.5824 0.918096 2.23022
v 1.52726 0.931001 2.3903
v 1.68711 0.93805 2.43801
v 1.48282 1.01945 2.53326
v 1.41271 0.99813 2.40105
v 2.45688 0.501814 1.79759
v 2.22896 0.225508 1.70223
v 2.34827 0.192625 1.61665
v 2.53828 0.388404 1.65759
v 2.73417 0.518887 1.70219
v 2.79504 0.607486 1.7588
v 2.65624 0.708526 1.77379
v 2.38137 0.619807 1.75887
v 2.11983 0.40444 1.64843
v 2.70967 0.5665 1.91459
v 2.44657 0.448835 1.92991
v 2.26493 0.217459 1.91323
v 2.05846 0.934781 1.59157
v 2.22865 0.878706 1.96926
v 2.26654 0.743196 1.69974
v 2.54376 0.654036 1.7935
v 2.25795 0.792529 1.4738
v 2.43358 0.691162 1.55262
v 2.19185 0.807184 1.592
v 2.32946 0.724258 1.51766
v 2.26271 0.737591 1.70056
v 2.43824 0.687315 1.76011
v 2.23385 0.832626 1.87403
v 2.1583 0.848016 1.71838
v 2.61119 0.297725 -0.228601
v 2.90356 0.127517 -0.28667
v 2.82628 0.0940026 -0.159311
v 2.71091 0.174376 -0.105908
v 2.44376 0.0954631 -0.038944
v 2.32486 0.120232 -0.0679798
v 2.35657 0.291915 -0.0834068
v 2.59706 0.440854 -0.194509
v 3.03627 0.302878 -0.276505
v 2.37153 0.150306 -0.238803
v 2.58457 0.252854 -0.364218
v 2.77973 0.134555 -0.468542
v 3.21162 0.705408 -0.282024
v 3.20487 0.843311 -0.657313
v 3.04916 0.902365 -0.419242
v 2.98539 1.16336 -0.535986
v 3.05417 0.932049 -0.188131
v 2.99111 1.05904 -0.258009
v 3.09592 0.83686 -0.305121
v 3.0144 0.975735 -0.25268
v 3.04374 0.89947 -0.420361
v 3.00957 1.06394 -0.493687
v 3.15211 0.856748 -0.572407
v 3.14657 0.794445 -0.418382
v 1.42996 0.297891 1.03081
v 1.3971 0.0838084 1.39129
v 1.26695 0.0497093 1.25708
v 1.24217 0.157237 1.11375
v 1.20126 0.087217 0.81169
v 1.23945 0.108571 0.664834
v 1.30889 0.312597 0.697946
v 1.40162 0.475589 0.992917
v 1.34545 0.294208 1.55885
v 1.46324 0.102183 0.721791
v 1.59771 0.233972 1.04783
v 1.65427 0.0942931 1.29902
v 1.42201 0.931381 1.74077
v 1.71868 0.945419 1.4487
v 1.41631 0.937015 1.43899
v 1.43042 1.06248 1.16137
v 1.2097 1.01537 1.5404
v 1.21157 1.05149 1.37965
v 1.35425 0.945327 1.5703
v 1.23636 1.00538 1.4534
v 1.41515 0.930891 1.4375
v 1.42684 1.01381 1.26568
v 1.61385 0.938852 1.4522
v 1.489 0.922642 1.57107
v 2.35176 0.815059 0.490139
v 2.09593 0.394375 0.497092
v 2.2246 0.360078 0.348996
v 2.45645 0.664231 0.305737
v 2.58608 1.01995 0.208153
v 2.56267 1.17236 0.250362
v 2.36266 1.12778 0.34863
v 2.18313 0.900568 0.458721
v 1.91347 0.609279 0.452612
v 2.60277 1.1167 0.478859
v 2.42088 0.802668 0.665187
v 2.21502 0.411631 0.750331
v 1.86981 1.2385 0.6425
v 2.14266 1.09334 0.951182
v 2.15082 1.09304 0.633848
v 2.46949 1.0696 0.651306
v 2.0988 1.22362 0.421957
v 2.26498 1.17702 0.423577
v 2.03486 1.16923 0.570582
v 2.17383 1.17089 0.448473
v 2.14894 1.08675 0.632344
v 2.34881 1.07652 0.646382
v 2.13716 1.09257 0.841023
v 2.02135 1.14332 0.710717
v 1.32057 0.589863 -0.0678885
v 1.0832 0.274572 0.0423341
v 1.13579 0.232932 -0.110501
v 1.31001 0.434074 -0.216955
v 1.36309 0.626969 -0.390458
v 1.37213 0.756473 -0.408805
v 1.30291 0.800111 -0.236688
v 1.19822 0.692473 -0.0496579
v 0.947299 0.471278 0.0530293
v 1.52682 0.765847 -0.272619
v 1.43276 0.579099 0.0409286
v 1.2548 0.279435 0.203108
v 1.17192 1.15184 -0.0857495
v 1.41152 0.944398 0.163525
v 1.18322 0.871213 -0.00494316
v 1.28356 0.593291 -0.00532902
v 1.08669 0.930317 -0.19748
v 1.13033 0.727749 -0.163755
v 1.13753 0.977037 -0.0856744
v 1.09244 0.831765 -0.163352
v 1.1781 0.871271 -0.000315713
v 1.2457 0.698446 -0.00269548
v 1.32917 0.926029 0.106496
v 1.22256 1.01162 0.00942814
v 0.151561 0.504687 -0.0217791
v 0.358519 0.245522 -0.0939492
v 0.326093 0.215693 0.0356614
v 0.169779 0.39927 0.122046
v 0.00567088 0.522434 0.206563
v -0.0717061 0.60215 0.195921
v 0.028464 0.701295 0.127022
v 0.239499 0.60093 -0.0443301
v 0.466072 0.40837 -0.121051
v -0.0781374 0.575346 0.0358314
v 0.0705201 0.466284 -0.116118
v 0.208253 0.239364 -0.21895
v 0.528571 1.13828 -0.0630796
v 0.0814901 1.08887 -0.216543
v 0.293731 0.887961 -0.0319053
v 0.0128596 0.729692 0.0992703
v 0.487663 0.881784 0.166323
v 0.345171 0.767911 0.211001
v 0.437466 0.96195 0.00578546
v 0.404307 0.822303 0.14681
v 0.295911 0.883771 -0.0367446
v 0.117871 0.789519 0.0474245
v 0.162258 1.0225 -0.156956
v 0.351237 1.03542 -0.101179
v 2.2495 0.347289 -1.10123
v 2.21948 0.127715 -0.766146
v 2.08785 0.0954723 -0.876774
v 2.06352 0.221528 -1.04881
v 2.1008 0.12607 -1.35053
v 2.18642 0.139194 -1.46451
v 2.20124 0.33781 -1.44074
v 2.23657 0.515447 -1.1143
v 2.19318 0.329814 -0.61802
v 2.34694 0.172981 -1.34184
v 2.39947 0.276685 -1.08558
v 2.44725 0.122196 -0.87014
v 2.25477 0.571831 -0.499605
v 2.54417 0.541861 -0.770819
v 2.29525 0.688765 -0.759944
v 2.4066 0.875018 -0.954223
v 2.15107 0.811405 -0.625676
v 2.19266 0.895699 -0.751754
v 2.23054 0.677873 -0.637405
v 2.18052 0.823019 -0.7069
v 2.2917 0.685828 -0.763356
v 2.36591 0.803484 -0.88133
v 2.45508 0.587642 -0.762491
v 2.3293 0.594628 -0.655507
v 1.31117 0.644626 -1.09651
v 1.1084 0.341581 -1.12463
v 1.21311 0.315885 -1.22666
v 1.38027 0.52898 -1.23765
v 1.57404 0.687387 -1.21446
v 1.63049 0.779882 -1.16301
v 1.48883 0.872146 -1.14887
v 1.21823 0.748195 -1.12976
v 0.972259 0.499095 -1.16992
v 1.5527 0.740546 -1.00703
v 1.32757 0.603677 -0.962522
v 1.18017 0.356605 -0.927908
v 0.837291 1.2182 -1.22456
v 1.05293 1.35242 -0.921065
v 1.10304 1.16346 -1.13231
v 1.38649 1.21037 -1.09578
v 1.04758 1.12607 -1.34074
v 1.24701 1.12545 -1.28939
v 1.00052 1.15599 -1.22455
v 1.14069 1.10697 -1.30255
v 1.10217 1.15774 -1.129
v 1.2792 1.19229 -1.10723
v 1.06293 1.28446 -0.994105
v 0.97234 1.22094 -1.11582
v 1.52217 0.607361 -2.13009
v 1.37503 0.263143 -2.41585
v 1.56944 0.238748 -2.38611
v 1.70075 0.447968 -2.23373
v 1.8268 0.454247 -1.92409
v 1.80499 0.49834 -1.76906
v 1.76624 0.714711 -1.82637
v 1.51022 0.788689 -2.19074
v 1.30072 0.463408 -2.60502
v 1.57744 0.518594 -1.80552
v 1.38014 0.530723 -2.03188
v 1.22051 0.284791 -2.17963
v 1.28336 0.70594 -2.64902
v 0.986825 0.982717 -2.5966
v 1.27548 1.00166 -2.66644
v 1.21834 1.26741 -2.79245
v 1.45454 0.904553 -2.79073
v 1.43707 1.06027 -2.83066
v 1.33698 0.874232 -2.68618
v 1.42844 0.989419 -2.77774
v 1.27798 1.00373 -2.6611
v 1.23835 1.16719 -2.7437
v 1.08843 0.982854 -2.61683
v 1.21539 0.870645 -2.62982
v 1.25383 0.464718 -2.8508
v 1.39745 0.171615 -2.57513
v 1.22227 0.144823 -2.61792
v 1.11935 0.303973 -2.74274
v 0.955637 0.304163 -2.89578
v 0.887598 0.34182 -3.02063
v 0.956494 0.539105 -3.0149
v 1.24782 0.633398 -2.79987
v 1.44639 0.358993 -2.3978
v 1.08339 0.351961 -3.12419
v 1.37972 0.407567 -2.95334
v 1.55774 0.194348 -2.78007
v 1.58244 0.902994 -2.3842
v 1.6341 0.851202 -2.77484
v 1.41254 0.805428 -2.59526
v 1.234 0.824047 -2.82405
v 1.29466 0.884872 -2.41229
v 1.19773 0.862725 -2.53391
v 1.43654 0.849794 -2.466
v 1.26968 0.85047 -2.48827
v 1.41287 0.799323 -2.59435
v 1.30277 0.815956 -2.73889
v 1.56202 0.83439 -2.70695
v 1.54122 0.845749 -2.54354
v -0.171442 0.678373 -1.37372
v 0.0890986 0.310127 -1.37751
v -0.0287427 0.282954 -1.23522
v -0.200947 0.513853 -1.19748
v -0.453457 0.583255 -1.18007
v -0.578766 0.655482 -1.22611
v -0.481916 0.845509 -1.22518
v -0.0708264 0.824438 -1.34378
v 0.267998 0.506154 -1.34192
v -0.489752 0.685274 -1.42517
v -0.216405 0.632549 -1.53863
v -0.0290276 0.327379 -1.61254
v 0.326448 0.555974 -1.89776
v 0.0170765 0.574943 -1.56637
v 0.0312832 0.699056 -1.8714
v -0.300445 0.714129 -1.87044
v 0.12744 0.645054 -2.09681
v -0.101193 0.701567 -2.08143
v 0.158583 0.651428 -1.9526
v 0.0233819 0.697215 -2.08136
v 0.0332157 0.706951 -1.87001
v -0.175072 0.709184 -1.86849
v 0.0305683 0.618433 -1.67154
v 0.161725 0.621692 -1.80688
v -0.083593 0.466991 -1.84758
v -0.293228 0.217105 -1.96118
v -0.171684 0.183968 -2.02727
v -0.00972185 0.355346 -1.97585
v 0.159233 0.397937 -1.92587
v 0.243459 0.444462 -1.86427
v 0.163781 0.58465 -1.84008
v -0.131692 0.590315 -1.88483
v -0.388198 0.386217 -2.02649
v 0.146037 0.430351 -1.7207
v -0.114025 0.413754 -1.72701
v -0.283822 0.212019 -1.75845
v -0.515835 0.509716 -2.03985
v -0.460048 0.704341 -1.6735
v -0.458001 0.797419 -1.96315
v -0.522448 1.07992 -1.8636
v -0.556903 0.747199 -2.16654
v -0.557688 0.953689 -2.09719
v -0.4954 0.692698 -2.05772
v -0.532467 0.848017 -2.13475
v -0.450724 0.798355 -1.96453
v -0.496676 0.972819 -1.89954
v -0.456198 0.729529 -1.77634
v -0.469779 0.64957 -1.93012
v -0.764898 0.29499 -1.41942
v -1.09325 0.117506 -1.37123
v -1.01196 0.0803685 -1.51297
v -0.873464 0.177283 -1.56846
v -0.645135 0.103788 -1.66486
v -0.509652 0.107608 -1.66216
v -0.504776 0.289196 -1.59949
v -0.738989 0.452944 -1.44477
v -1.23564 0.312289 -1.3779
v -0.512986 0.105016 -1.46035
v -0.74414 0.231677 -1.27525
v -0.955438 0.119457 -1.17436
v -1.39263 1.05205 -1.20424
v -0.995428 0.90778 -1.01053
v -1.08149 1.00259 -1.32334
v -0.754224 1.07563 -1.3807
v -1.22693 1.17483 -1.47287
v -1.0502 1.18239 -1.52234
v -1.23358 1.05797 -1.33394
v -1.13202 1.13966 -1.48141
v -1.08223 0.996227 -1.32693
v -0.877238 1.04644 -1.35753
v -1.0335 0.937506 -1.11786
v -1.19919 0.987872 -1.2032
v -1.70834 0.354968 -1.75783
v -1.62807 0.124241 -2.10831
v -1.50339 0.0940038 -1.97051
v -1.49975 0.227749 -1.79044
v -1.53614 0.14355 -1.48289
v -1.62516 0.154503 -1.35878
v -1.6704 0.362081 -1.39677
v -1.70209 0.536095 -1.74102
v -1.57602 0.333467 -2.27264
v -1.80702 0.161204 -1.48811
v -1.86385 0.272551 -1.79218
v -1.88525 0.125071 -2.02933
v -1.64736 0.95651 -2.38808
v -1.98995 1.02496 -2.13408
v -1.69936 0.918525 -2.08167
v -1.73097 1.00754 -1.77988
v -1.45515 0.942783 -2.13888
v -1.47785 0.95683 -1.97015
v -1.61069 0.924493 -2.20346
v -1.50121 0.930092 -2.05701
v -1.70045 0.911853 -2.08122
v -1.72125 0.972863 -1.89384
v -1.88908 0.984673 -2.12345
v -1.74849 0.945976 -2.22815
v -1.23302 0.5862 -0.581902
v -1.11043 0.323106 -0.798813
v -1.02778 0.293445 -0.678444
v -1.08273 0.491492 -0.496348
v -1.26899 0.53635 -0.27396
v -1.38533 0.57369 -0.256345
v -1.35444 0.722229 -0.336005
v -1.2119 0.717572 -0.638294
v -1.05891 0.499252 -0.910966
v -1.4205 0.546493 -0.420936
v -1.34848 0.510661 -0.618344
v -1.3222 0.310382 -0.769725
v -1.07379 1.3847 -1.07771
v -1.47048 1.21844 -0.860937
v -1.12871 1.19641 -0.788886
v -1.21384 1.1396 -0.45141
v -0.904263 1.33605 -0.818814
v -0.960809 1.2463 -0.591942
v -1.0326 1.28632 -0.893393
v -0.929077 1.26669 -0.718682
v -1.12687 1.18901 -0.791563
v -1.18359 1.15958 -0.57978
v -1.35004 1.21038 -0.845152
v -1.1829 1.2688 -0.938617
v -1.64325 0.490512 -0.860887
v -1.83906 0.181114 -1.04852
v -1.66815 0.155826 -1.06571
v -1.52771 0.339607 -0.983986
v -1.33476 0.343456 -0.795015
v -1.29421 0.38797 -0.665945
v -1.34033 0.576909 -0.708371
v -1.65932 0.647975 -0.916836
v -1.94134 0.353199 -1.19833
v -1.48741 0.414121 -0.612658
v -1.73887 0.433899 -0.737935
v -1.91709 0.211508 -0.814547
v -2.10089 0.863615 -1.36325
v -2.13203 1.02671 -0.989463
v -1.92863 0.855041 -1.12223
v -1.72701 0.957041 -0.925454
v -1.81014 0.810839 -1.32441
v -1.70617 0.836217 -1.20326
v -1.95535 0.833202 -1.26087
v -1.78454 0.814487 -1.23858
v -1.92996 0.84984 -1.1199
v -1.80463 0.918803 -0.99846
v -2.06706 0.963978 -1.03984
v -2.0561 0.887873 -1.19141
v -1.7448 0.608399 -0.227508
v -2.0264 0.250384 -0.354204
v -1.86303 0.205186 -0.44286
v -1.62241 0.449499 -0.376817
v -1.38435 0.662761 -0.334547
v -1.33134 0.794878 -0.276289
v -1.52593 0.894022 -0.286704
v -1.85123 0.739776 -0.301085
v -2.1501 0.478782 -0.443266
v -1.446 0.754133 -0.0791839
v -1.75994 0.566215 -0.0517465
v -2.01108 0.245562 -0.0837815
v -2.25071 0.570547 0.0185002
v -2.15232 0.243488 -0.258169
v -1.99514 0.503561 -0.159483
v -1.71991 0.354804 -0.236236
v -1.97563 0.646382 0.0365109
v -1.7848 0.564027 -0.0589384
v -2.06925 0.581178 -0.0498986
v -1.88814 0.620155 -0.0313888
v -1.99605 0.508649 -0.165291
v -1.82505 0.410477 -0.209455
v -2.10514 0.337927 -0.223391
v -2.14731 0.480319 -0.116939
v -3.19304 0.298151 0.279739
v -2.94902 0.10416 0.0567689
v -2.92917 0.073304 0.222944
v -3.01929 0.181774 0.356676
v -3.20643 0.104542 0.572952
v -3.3353 0.118141 0.621472
v -3.34929 0.303119 0.560959
v -3.2017 0.459946 0.308503
v -2.82819 0.297892 -0.0323389
v -3.4078 0.115928 0.43226
v -3.28733 0.229297 0.167094
v -3.18035 0.103096 -0.0199167
v -2.80931 1.13158 -0.100753
v -3.19652 1.03222 -0.0935533
v -2.97061 0.970327 0.0781616
v -3.1603 0.91834 0.29489
v -2.78069 1.06015 0.147782
v -2.9124 0.982428 0.288853
v -2.85365 1.03731 0.0421551
v -2.8414 1.00087 0.207129
v -2.96896 0.964156 0.0760761
v -3.08985 0.936574 0.211519
v -3.1135 1.01069 -0.040217
v -2.95063 1.04309 -0.0458594
v -0.433646 0.353886 0.315934
v -0.697519 0.156682 0.543339
v -0.71378 0.117472 0.371949
v -0.612198 0.233835 0.232571
v -0.438983 0.147085 0.0260391
v -0.308098 0.149451 -0.0318697
v -0.274746 0.341454 0.0227728
v -0.423182 0.521713 0.286621
v -0.823289 0.362372 0.623982
v -0.22182 0.148965 0.16173
v -0.338441 0.282019 0.434082
v -0.460648 0.156542 0.630093
v -0.783336 1.32376 0.352257
v -0.495798 1.12197 0.674411
v -0.614215 1.02283 0.364391
v -0.339668 0.80892 0.339058
v -0.676603 1.10338 0.105595
v -0.554236 0.960118 0.101788
v -0.701993 1.14097 0.286819
v -0.627525 1.01932 0.144006
v -0.619946 1.01833 0.366383
v -0.443435 0.889342 0.351008
v -0.544104 1.09265 0.56814
v -0.672039 1.1688 0.437566
v -1.04513 0.420844 1.05696
v -0.714512 0.123782 1.15959
v -0.862238 0.094995 1.28514
v -1.07112 0.280153 1.27211
v -1.41124 0.238739 1.12629
v -1.49414 0.275935 0.993301
v -1.41958 0.487767 0.997025
v -1.02977 0.609181 1.07009
v -0.534899 0.331585 1.22401
v -1.30265 0.278555 0.872478
v -0.996988 0.333083 0.898992
v -0.789209 0.136081 0.890625
v -0.442067 0.373383 1.17789
v -0.719192 0.411916 0.853876
v -0.593294 0.614402 1.05391
v -0.649168 0.841361 0.84507
v -0.386983 0.680423 1.17749
v -0.443828 0.810569 1.0856
v -0.489365 0.552918 1.14215
v -0.451344 0.729857 1.1308
v -0.598045 0.615699 1.05807
v -0.629988 0.754759 0.923274
v -0.674517 0.476216 0.928428
v -0.567773 0.461634 1.06997
v -1.65818 0.556407 1.73666
v -1.84862 0.268461 1.57763
v -1.69979 0.254879 1.52202
v -1.5492 0.449276 1.59331
v -1.35539 0.464483 1.77598
v -1.32386 0.492361 1.89958
v -1.38415 0.664019 1.8832
v -1.70425 0.69997 1.70502
v -1.98179 0.423481 1.4733
v -1.50293 0.490628 1.94729
v -1.72006 0.479293 1.8525
v -1.86569 0.283991 1.80294
v -2.08248 1.00973 1.41451
v -2.00041 1.13686 1.77226
v -1.87899 1.17333 1.51989
v -1.76328 1.41332 1.61956
v -1.93188 1.18474 1.31207
v -1.81707 1.33103 1.3909
v -1.9495 1.11819 1.41798
v -1.8599 1.24053 1.35406
v -1.87408 1.16969 1.52019
v -1.80619 1.32149 1.58378
v -1.96028 1.14253 1.68275
v -1.98722 1.08393 1.53472
vn 0.406894 0.90137 0.148225
vt 0.877667 0.253331
vn 0.596964 0.801496 0.0351776
vt 0.877665 0
vn 0.0443007 0.998996 0.00666835
vt 0.970626 0.0120657
vn 0.397788 0.905161 0.14983
vt 1 0.233708
vn 0.293537 -0.944115 -0.149946
vt 0.947999 0.469649
vn 0.293308 -0.943973 -0.151281
vt 0.87767 0.504248
vn 0.998018 0.0366832 0.0511359
vt 0.803797 0.420988
vn 0.408917 0.900489 0.148008
vt 0.788454 0.247918
vn 0.049749 0.998748 0.00516754
vt 0.751135 0.0451927
vn 0.99626 0.0602694 0.0619127
vt 0.803797 0.420988
vn 0.41 0.898791 0.155162
vt 0.788454 0.247918
vn 0.404713 0.90118 0.155183
vt 0.877667 0.253331
vn 0.295002 -0.944496 -0.144571
vt 0.87767 0.504248
vn 0.0471039 0.998815 0.012274
vt 0.751135 0.0451927
vn 0.595179 0.802493 0.0420439
vt 0.877665 0
vn 0.0405642 0.999077 0.0141645
vt 0.877667 0.253331
vn -0.139028 0.988832 -0.0536874
vt 0.877665 0
vn 0.0261939 0.999632 0.00703006
vt 0.970626 0.0120657
vn 0.0218313 0.999747 0.0053819
vt 1 0.233708
vn -0.958047 0.242365 -0.152985
vt 0.947999 0.469649
vn -0.957385 0.249058 -0.146235
vt 0.87767 0.504248
vn -0.211459 0.974619 0.073504
vt 0.803797 0.420988
vn 0.0425522 0.99898 0.0151414
vt 0.788454 0.247918
vn 0.0425522 0.99898 0.0151414
vt 0.751135 0.0451927
vn -0.184625 0.97967 0.0784893
vt 0.803797 0.420988
vn 0.0529359 0.998534 0.0113215
vt 0.788454 0.247918
vn 0.0412405 0.999125 0.00690143
vt 0.877667 0.253331
vn -0.955719 0.251736 -0.152417
vt 0.87767 0.504248
vn 0.0575877 0.998255 0.0130798
vt 0.751135 0.0451927
vn -0.138184 0.988539 -0.0607959
vt 0.877665 0
vn 0.0111042 0.999919 -0.00622421
vt 0.877667 0.253331
vn -0.000261247 0.999994 -0.00343855
vt 0.877665 0
vn 0.00559473 0.999979 -0.00327678
vt 0.970626 0.0120657
vn 0.00429308 0.999986 -0.00296758
vt 1 0.233708
vn -0.159735 0.982285 -0.0979804
vt 0.947999 0.469649
vn -0.157831 0.982399 -0.0999102
vt 0.87767 0.504248
vn 0.0132025 0.999889 -0.00693963
vt 0.803797 0.420988
vn 0.0132025 0.999889 -0.00693963
vt 0.788454 0.247918
vn 0.0132025 0.999889 -0.00693962
vt 0.751135 0.0451927
vn 0.0138925 0.999904 0.000342385
vt 0.803797 0.420988
vn 0.0145112 0.999895 0.0001954
vt 0.788454 0.247918
vn 0.0108468 0.999941 0.00106584
vt 0.877667 0.253331
vn -0.15748 0.983132 -0.0930182
vt 0.87767 0.504248
vn 0.0159974 0.999872 -0.000157638
vt 0.751135 0.0451927
vn -0.000349462 0.999993 0.00372526
vt 0.877665 0
vn 0.0103559 0.999945 -0.00194882
vt 0.877667 0.253331
vn 0.0101473 0.999947 -0.00191556
vt 0.877665 0
vn 0.00513911 0.999987 -0.000526114
vt 0.970626 0.0120657
vn 0.00425383 0.999991 3.57787e-005
vt 1 0.233708
vn 0.00581345 0.999983 -0.000954135
vt 0.947999 0.469649
vn 0.00980181 0.99995 -0.00188498
vt 0.87767 0.504248
vn 0.0123324 0.99992 -0.00295328
vt 0.803797 0.420988
vn 0.0123324 0.99992 -0.00295328
vt 0.788454 0.247918
vn 0.0123324 0.99992 -0.00295328
vt 0.751135 0.0451927
vn 0.00704503 0.999942 -0.00817769
vt 0.803797 0.420988
vn 0.00747138 0.999936 -0.00844826
vt 0.788454 0.247918
vn 0.00495303 0.999964 -0.00684987
vt 0.877667 0.253331
vn 0.00495303 0.999964 -0.00684987
vt 0.87767 0.504248
vn 0.00849688 0.999923 -0.0090992
vt 0.751135 0.0451927
vn 0.00495303 0.999964 -0.00684987
vt 0.877665 0
vn 0.01408 0.999005 -0.0423115
vt 0.877667 0.253331
vn 0.0140778 0.999011 -0.0421714
vt 0.877665 0
vn 0.0168074 0.998923 -0.0432407
vt 0.970626 0.0120657
vn 0.0176113 0.998864 -0.0442849
vt 1 0.233708
vn 0.259525 0.945294 0.197651
vt 0.947999 0.469649
vn 0.25815 0.945744 0.1973
vt 0.87767 0.504248
vn 0.0152578 0.998907 -0.0441873
vt 0.803797 0.420988
vn 0.0152578 0.998907 -0.0441873
vt 0.788454 0.247918
vn 0.0152578 0.998907 -0.0441873
vt 0.751135 0.0451927
vn 0.0162614 0.999303 -0.0336161
vt 0.803797 0.420988
vn 0.0157884 0.999331 -0.0330016
vt 0.788454 0.247918
vn 0.0184751 0.999163 -0.0364917
vt 0.877667 0.253331
vn 0.262109 0.943541 0.202557
vt 0.87767 0.504248
vn 0.0146177 0.999397 -0.0314807
vt 0.751135 0.0451927
vn 0.0185248 0.99916 -0.0365562
vt 0.877665 0
vn 0.00377053 0.999462 -0.0325905
vt 0.877667 0.253331
vn -0.00681474 0.990096 -0.140225
vt 0.877665 0
vn 0.00361657 0.999836 -0.0177246
vt 0.970626 0.0120657
vn 0.00401324 0.999899 -0.0136505
vt 1 0.233708
vn 0.870631 0.282072 -0.403034
vt 0.947999 0.469649
vn 0.874153 0.288201 -0.390892
vt 0.87767 0.504248
vn 0.0143361 0.923213 -0.384021
vt 0.803797 0.420988
vn 0.00376673 0.999387 -0.0348065
vt 0.788454 0.247918
vn 0.00376672 0.999387 -0.0348065
vt 0.751135 0.0451927
vn 0.00738972 0.925645 -0.378321
vt 0.803797 0.420988
vn -0.00422227 0.999105 -0.0420975
vt 0.788454 0.247918
vn -0.00304204 0.999546 -0.0299842
vt 0.877667 0.253331
vn 0.871427 0.294416 -0.392344
vt 0.87767 0.504248
vn -0.00471157 0.998878 -0.0471185
vt 0.751135 0.0451927
vn -0.0135639 0.990362 -0.137836
vt 0.877665 0
vn -0.0246931 0.999356 0.0260487
vt 0.877667 0.253331
vn -0.0134923 0.999798 0.0148881
vt 0.877665 0
vn -0.0372447 0.998467 0.0409486
vt 0.970626 0.0120657
vn -0.0410153 0.998156 0.0447444
vt 1 0.233708
vn 0.364006 0.924734 0.111201
vt 0.947999 0.469649
vn 0.368378 0.924018 0.102413
vt 0.87767 0.504248
vn -0.0232885 0.999433 0.0243347
vt 0.803797 0.420988
vn -0.0232885 0.999433 0.0243347
vt 0.788454 0.247918
vn -0.0232885 0.999433 0.0243347
vt 0.751135 0.0451927
vn -0.0108407 0.999697 0.0220806
vt 0.803797 0.420988
vn -0.00866765 0.999765 0.0198922
vt 0.788454 0.247918
vn -0.0210648 0.999254 0.0323761
vt 0.877667 0.253331
vn 0.372667 0.921733 0.107367
vt 0.87767 0.504248
vn -0.00330802 0.99989 0.0144943
vt 0.751135 0.0451927
vn -0.00978726 0.999731 0.0210197
vt 0.877665 0
vn 0.00390664 0.999927 -0.0114127
vt 0.877667 0.253331
vn -0.0257726 0.99334 0.112298
vt 0.877665 0
vn 0.000301957 0.999995 -0.00320427
vt 0.970626 0.0120657
vn -0.000229776 1 -0.000983163
vt 1 0.233708
vn -0.0644749 0.790671 0.608837
vt 0.947999 0.469649
vn -0.0636808 0.789625 0.610276
vt 0.87767 0.504248
vn 0.0959513 0.970061 0.223104
vt 0.803797 0.420988
vn 0.00462583 0.999898 -0.0135099
vt 0.788454 0.247918
vn 0.00462581 0.999898 -0.0135099
vt 0.751135 0.0451927
vn 0.0925813 0.973417 0.209495
vt 0.803797 0.420988
vn -0.00194997 0.999851 -0.0171572
vt 0.788454 0.247918
vn -0.00338387 0.999932 -0.0111682
vt 0.877667 0.253331
vn -0.0705392 0.789843 0.609239
vt 0.87767 0.504248
vn -0.00137812 0.999808 -0.0195454
vt 0.751135 0.0451927
vn -0.0329333 0.993121 0.112363
vt 0.877665 0
vn -0.00822554 0.999949 0.00583126
vt 0.877667 0.253331
vn -0.00558521 0.998038 -0.0623609
vt 0.877665 0
vn -0.00677496 0.99993 0.00971116
vt 0.970626 0.0120657
vn -0.0067957 0.999924 0.0102655
vt 1 0.233708
vn 0.576347 0.627969 -0.522952
vt 0.947999 0.469649
vn 0.569984 0.619101 -0.540216
vt 0.87767 0.504248
vn -0.00835406 0.999959 0.00361778
vt 0.803797 0.420988
vn -0.00835406 0.999959 0.00361778
vt 0.788454 0.247918
vn -0.00835406 0.999959 0.00361778
vt 0.751135 0.0451927
vn -0.00120756 0.999979 0.00636841
vt 0.803797 0.420988
vn -0.00119394 0.999981 0.00600387
vt 0.788454 0.247918
vn -0.00126955 0.999967 0.00802793
vt 0.877667 0.253331
vn 0.575629 0.615571 -0.53826
vt 0.87767 0.504248
vn -0.00115961 0.999986 0.00508596
vt 0.751135 0.0451927
vn 0.00129405 0.998176 -0.0603648
vt 0.877665 0
vn -0.000709861 0.999624 -0.0274025
vt 0.877667 0.253331
vn 0.0172841 0.998753 0.046829
vt 0.877665 0
vn -0.00398547 0.99941 -0.0341118
vt 0.970626 0.0120657
vn -0.0046227 0.999315 -0.0367271
vt 1 0.233708
vn -0.19409 0.756397 0.624654
vt 0.947999 0.469649
vn -0.192077 0.756078 0.625661
vt 0.87767 0.504248
vn -0.00102702 0.999561 -0.0295961
vt 0.803797 0.420988
vn -0.00102702 0.999561 -0.0295961
vt 0.788454 0.247918
vn -0.001027 0.999561 -0.0295961
vt 0.751135 0.0451927
vn -0.00514273 0.999861 -0.0158842
vt 0.803797 0.420988
vn -0.00471339 0.999889 -0.0141217
vt 0.788454 0.247918
vn -0.00708538 0.99969 -0.0238585
vt 0.877667 0.253331
vn -0.197296 0.752433 0.628426
vt 0.87767 0.504248
vn -0.00362813 0.999947 -0.00966678
vt 0.751135 0.0451927
vn 0.0109435 0.998681 0.0501637
vt 0.877665 0
vn -0.0126716 0.998633 -0.0507168
vt 0.877667 0.253331
vn 0.0162262 0.999308 0.0334701
vt 0.877665 0
vn -0.0117823 0.998523 -0.05304
vt 0.970626 0.0120657
vn -0.0121607 0.998459 -0.0541443
vt 1 0.233708
vn 0.407453 0.845216 0.345822
vt 0.947999 0.469649
vn 0.406215 0.845694 0.346108
vt 0.87767 0.504248
vn 0.142065 0.989746 0.0148743
vt 0.803797 0.420988
vn -0.0135858 0.998516 -0.0527335
vt 0.788454 0.247918
vn -0.0135858 0.998516 -0.0527335
vt 0.751135 0.0451927
vn 0.152518 0.987997 0.0244824
vt 0.803797 0.420988
vn -0.00412285 0.998864 -0.0474639
vt 0.788454 0.247918
vn -0.00539097 0.998676 -0.0511654
vt 0.877667 0.253331
vn 0.412537 0.842923 0.345389
vt 0.87767 0.504248
vn -0.00356966 0.998942 -0.0458491
vt 0.751135 0.0451927
vn 0.0233642 0.999187 0.0328673
vt 0.877665 0
vn -0.00520736 0.999949 -0.0086935
vt 0.877667 0.253331
vn -0.00512844 0.999951 -0.00849764
vt 0.877665 0
vn -0.00368768 0.999981 -0.0049466
vt 0.970626 0.0120657
vn -0.00328189 0.999984 -0.00454514
vt 1 0.233708
vn -0.00399846 0.999978 -0.00525416
vt 0.947999 0.469649
vn -0.00502151 0.999954 -0.00816767
vt 0.87767 0.504248
vn -0.00662768 0.999924 -0.0103959
vt 0.803797 0.420988
vn -0.00662768 0.999924 -0.0103959
vt 0.788454 0.247918
vn -0.00662768 0.999924 -0.0103959
vt 0.751135 0.0451927
vn -0.00976479 0.999947 -0.00330864
vt 0.803797 0.420988
vn -0.00996734 0.999944 -0.00350909
vt 0.788454 0.247918
vn -0.00877881 0.999959 -0.00233297
vt 0.877667 0.253331
vn -0.00877881 0.999959 -0.00233297
vt 0.87767 0.504248
vn -0.0104572 0.999937 -0.00399379
vt 0.751135 0.0451927
vn -0.00877881 0.999959 -0.00233297
vt 0.877665 0
vn 0.0190307 0.999673 0.0170596
vt 0.877667 0.253331
vn -0.191129 0.97625 -0.102011
vt 0.877665 0
vn 0.024759 0.999523 0.0184694
vt 0.970626 0.0120657
vn 0.0257268 0.999488 0.0190171
vt 1 0.233708
vn -0.700691 -0.217387 -0.679541
vt 0.947999 0.469649
vn -0.709851 -0.237234 -0.663198
vt 0.87767 0.504248
vn -0.219125 0.917593 -0.331673
vt 0.803797 0.420988
vn 0.0170064 0.999725 0.0161565
vt 0.788454 0.247918
vn 0.0170064 0.999725 0.0161565
vt 0.751135 0.0451927
vn -0.23253 0.909241 -0.34527
vt 0.803797 0.420988
vn 0.0207376 0.999735 0.00994424
vt 0.788454 0.247918
vn 0.0241787 0.999637 0.0118917
vt 0.877667 0.253331
vn -0.705067 -0.240295 -0.667187
vt 0.87767 0.504248
vn 0.019196 0.999775 0.00907175
vt 0.751135 0.0451927
vn -0.186227 0.976639 -0.107222
vt 0.877665 0
vn 0.0198654 0.999801 0.00189041
vt 0.877667 0.253331
vn 0.00923145 0.99995 -0.00377013
vt 0.877665 0
vn 0.00681078 0.999971 -0.00336254
vt 0.970626 0.0120657
vn 0.00208116 0.99998 -0.00592227
vt 1 0.233708
vn 0.0155815 0.950559 -0.310154
vt 0.947999 0.469649
vn 0.0215352 0.950739 -0.309244
vt 0.87767 0.504248
vn 0.0180251 0.999837 0.000654266
vt 0.803797 0.420988
vn 0.0180251 0.999837 0.000654266
vt 0.788454 0.247918
vn 0.0180251 0.999837 0.000654266
vt 0.751135 0.0451927
vn 0.0283885 0.999492 0.0145016
vt 0.803797 0.420988
vn 0.0304036 0.999416 0.0155925
vt 0.788454 0.247918
vn 0.0182195 0.999794 0.00899692
vt 0.877667 0.253331
vn 0.0203496 0.952855 -0.302742
vt 0.87767 0.504248
vn 0.035176 0.999216 0.0181762
vt 0.751135 0.0451927
vn 0.00745517 0.999967 0.00317051
vt 0.877665 0
vn 0.0617786 0.953612 -0.294631
vt 0.877667 0.253331
vn -0.101076 0.994335 -0.0328883
vt 0.877665 0
vn 0.0564815 0.99806 -0.0262126
vt 0.970626 0.0120657
vn 0.0618911 0.953134 -0.29615
vt 1 0.233708
vn -0.297429 -0.816057 -0.495567
vt 0.947999 0.469649
vn -0.303708 -0.815027 -0.493449
vt 0.87767 0.504248
vn -0.265155 0.687735 -0.675806
vt 0.803797 0.420988
vn 0.0595698 0.953781 -0.294538
vt 0.788454 0.247918
vn 0.0506849 0.998409 -0.0247205
vt 0.751135 0.0451927
vn -0.466327 0.625579 -0.625453
vt 0.803797 0.420988
vn 0.0662388 0.951281 -0.301125
vt 0.788454 0.247918
vn 0.0639346 0.951402 -0.30124
vt 0.877667 0.253331
vn -0.299953 -0.818991 -0.489166
vt 0.87767 0.504248
vn 0.0523606 0.998119 -0.031881
vt 0.751135 0.0451927
vn -0.0989802 0.994296 -0.0397393
vt 0.877665 0
vn -0.00452363 0.999987 -0.00246972
vt 0.877667 0.253331
vn -0.208735 0.97757 0.0280408
vt 0.877665 0
vn 0.00065583 0.999999 -0.00163005
vt 0.970626 0.0120657
vn 0.00159687 0.999997 -0.00177036
vt 1 0.233708
vn -0.974908 0.158201 -0.15661
vt 0.947999 0.469649
vn -0.968735 0.186221 -0.163931
vt 0.87767 0.504248
vn -0.343651 0.934134 0.0964222
vt 0.803797 0.420988
vn -0.00673777 0.999975 -0.00235297
vt 0.788454 0.247918
vn -0.00673777 0.999975 -0.00235297
vt 0.751135 0.0451927
vn -0.344073 0.933194 0.103748
vt 0.803797 0.420988
vn -0.00455642 0.999979 0.00464617
vt 0.788454 0.247918
vn -0.00157225 0.99999 0.00420116
vt 0.877667 0.253331
vn -0.969209 0.18915 -0.157658
vt 0.87767 0.504248
vn -0.00582761 0.999971 0.00483574
vt 0.751135 0.0451927
vn -0.206027 0.977932 0.0346637
vt 0.877665 0
vn -0.0196238 0.999551 0.0226232
vt 0.877667 0.253331
vn -0.0115255 0.999804 0.0160858
vt 0.877665 0
vn -0.00537264 0.999943 0.00927072
vt 0.970626 0.0120657
vn -0.000947297 0.999983 0.00575655
vt 1 0.233708
vn 0.332985 0.932348 0.140883
vt 0.947999 0.469649
vn 0.325628 0.933315 0.151295
vt 0.87767 0.504248
vn -0.0212201 0.999483 0.0241603
vt 0.803797 0.420988
vn -0.0212201 0.999483 0.0241603
vt 0.788454 0.247918
vn -0.0212201 0.999483 0.0241603
vt 0.751135 0.0451927
vn -0.0330925 0.999156 0.0243372
vt 0.803797 0.420988
vn -0.0352628 0.999038 0.0260605
vt 0.788454 0.247918
vn -0.0224828 0.999621 0.0159125
vt 0.877667 0.253331
vn 0.321916 0.935468 0.145841
vt 0.87767 0.504248
vn -0.0404962 0.998723 0.0302159
vt 0.751135 0.0451927
vn -0.0144839 0.999849 0.00956084
vt 0.877665 0
vn -0.0712409 0.996546 0.0426737
vt 0.877667 0.253331
vn -0.0799066 0.995576 0.0494244
vt 0.877665 0
vn -0.0678365 0.996809 0.0420724
vt 0.970626 0.0120657
vn -0.0675459 0.996838 0.0418497
vt 1 0.233708
vn -0.163337 0.986025 0.0328047
vt 0.947999 0.469649
vn -0.165136 0.985736 0.0324839
vt 0.87767 0.504248
vn -0.0731145 0.996359 0.0438445
vt 0.803797 0.420988
vn -0.0731146 0.996359 0.0438444
vt 0.788454 0.247918
vn -0.0731146 0.996359 0.0438445
vt 0.751135 0.0451927
vn -0.0661366 0.996674 0.0476225
vt 0.803797 0.420988
vn -0.0662809 0.996659 0.0477332
vt 0.788454 0.247918
vn -0.0654334 0.996746 0.0470833
vt 0.877667 0.253331
vn -0.159953 0.986429 0.0370469
vt 0.87767 0.504248
vn -0.0666296 0.996623 0.0480006
vt 0.751135 0.0451927
vn -0.0743048 0.995779 0.0538861
vt 0.877665 0
vn -0.0104766 0.999827 0.0153565
vt 0.877667 0.253331
vn -0.0104306 0.999831 0.0151504
vt 0.877665 0
vn -0.00909752 0.999901 0.0107416
vt 0.970626 0.0120657
vn -0.00861299 0.999912 0.010074
vt 1 0.233708
vn -0.00947082 0.999892 0.0112559
vt 0.947999 0.469649
vn -0.0103785 0.999837 0.0148075
vt 0.87767 0.504248
vn -0.0116019 0.999784 0.0172665
vt 0.803797 0.420988
vn -0.0116019 0.999784 0.0172665
vt 0.788454 0.247918
vn -0.0116019 0.999784 0.0172665
vt 0.751135 0.0451927
vn -0.0162498 0.999804 0.0113371
vt 0.803797 0.420988
vn -0.0165026 0.999796 0.0116855
vt 0.788454 0.247918
vn -0.0150321 0.99984 0.00965919
vt 0.877667 0.253331
vn -0.0150321 0.99984 0.00965919
vt 0.87767 0.504248
vn -0.0171176 0.999775 0.0125329
vt 0.751135 0.0451927
vn -0.0150321 0.99984 0.00965919
vt 0.877665 0
vn 0.00227576 0.999395 -0.0346948
vt 0.877667 0.253331
vn -0.000492245 0.99956 -0.029643
vt 0.877665 0
vn 0.00328457 0.999442 -0.0332417
vt 0.970626 0.0120657
vn 0.00283933 0.999469 -0.0324564
vt 1 0.233708
vn -0.337693 0.928545 -0.154171
vt 0.947999 0.469649
vn -0.339154 0.928026 -0.154087
vt 0.87767 0.504248
vn -0.152069 0.981431 -0.116908
vt 0.803797 0.420988
vn 0.00100398 0.999459 -0.0328797
vt 0.788454 0.247918
vn 0.00100398 0.999459 -0.0328797
vt 0.751135 0.0451927
vn -0.143989 0.98266 -0.116815
vt 0.803797 0.420988
vn 0.010528 0.999332 -0.0349902
vt 0.788454 0.247918
vn 0.00934884 0.999415 -0.0329108
vt 0.877667 0.253331
vn -0.332927 0.930561 -0.152369
vt 0.87767 0.504248
vn 0.010995 0.999298 -0.0358137
vt 0.751135 0.0451927
vn 0.00641242 0.999595 -0.0277319
vt 0.877665 0
vn 0.00206594 0.999992 -0.00336574
vt 0.877667 0.253331
vn -0.0593317 0.935036 0.349552
vt 0.877665 0
vn -0.000572085 0.999997 0.00248481
vt 0.970626 0.0120657
vn -0.00106525 0.999985 0.00531496
vt 1 0.233708
vn -0.30189 -0.852647 0.426445
vt 0.947999 0.469649
vn -0.296379 -0.849875 0.435743
vt 0.87767 0.504248
vn 0.0139007 0.524439 0.851335
vt 0.803797 0.420988
vn 0.00189497 0.999998 -0.00115512
vt 0.788454 0.247918
vn 0.00189497 0.999998 -0.00115512
vt 0.751135 0.0451927
vn 0.0257837 0.564052 0.825337
vt 0.803797 0.420988
vn -0.00338 0.999909 -0.0130814
vt 0.788454 0.247918
vn -0.00453058 0.999969 -0.00647972
vt 0.877667 0.253331
vn -0.301719 -0.846507 0.438624
vt 0.87767 0.504248
vn -0.00294524 0.999874 -0.0155756
vt 0.751135 0.0451927
vn -0.0659005 0.935637 0.346756
vt 0.877665 0
vn -0.00394253 0.999676 0.0251398
vt 0.877667 0.253331
vn -0.00391383 0.999747 0.022147
vt 0.877665 0
vn -0.0024125 0.999763 0.0216243
vt 0.970626 0.0120657
vn -0.00242186 0.999774 0.021115
vt 1 0.233708
vn -0.168283 0.985698 -0.00893543
vt 0.947999 0.469649
vn -0.169607 0.985487 -0.00692569
vt 0.87767 0.504248
vn -0.00411302 0.999618 0.0273497
vt 0.803797 0.420988
vn -0.00411302 0.999618 0.0273497
vt 0.788454 0.247918
vn -0.00411302 0.999618 0.0273497
vt 0.751135 0.0451927
vn 0.00307548 0.999701 0.0242483
vt 0.803797 0.420988
vn 0.00307983 0.999695 0.0244852
vt 0.788454 0.247918
vn 0.00305394 0.999729 0.0230763
vt 0.877667 0.253331
vn -0.162917 0.986604 -0.0083944
vt 0.87767 0.504248
vn 0.00309026 0.999681 0.0250528
vt 0.751135 0.0451927
vn 0.00300249 0.99979 0.0202786
vt 0.877665 0
vn -0.00217277 0.999957 -0.00902693
vt 0.877667 0.253331
vn -0.0525504 0.995921 -0.0733535
vt 0.877665 0
vn 0.00423839 0.99999 0.00176557
vt 0.970626 0.0120657
vn 0.0070688 0.999961 0.00538714
vt 1 0.233708
vn 0.651422 0.437814 -0.619652
vt 0.947999 0.469649
vn 0.647898 0.4336 -0.626274
vt 0.87767 0.504248
vn -0.167936 0.935356 -0.311299
vt 0.803797 0.420988
vn -0.000647306 0.999972 -0.0074179
vt 0.788454 0.247918
vn -0.000647306 0.999972 -0.0074179
vt 0.751135 0.0451927
vn -0.18005 0.931557 -0.315887
vt 0.803797 0.420988
vn -0.0172642 0.999708 -0.0169155
vt 0.788454 0.247918
vn -0.00890601 0.999941 -0.00622074
vt 0.877667 0.253331
vn 0.6433 0.438652 -0.627495
vt 0.87767 0.504248
vn -0.0207187 0.999558 -0.0213357
vt 0.751135 0.0451927
vn -0.0590941 0.995764 -0.0704409
vt 0.877665 0
vn -0.0265037 0.999332 -0.0251533
vt 0.877667 0.253331
vn 0.0735616 0.996641 0.0359858
vt 0.877665 0
vn -0.0334292 0.998952 -0.0312527
vt 0.970626 0.0120657
vn -0.0352597 0.998854 -0.0323709
vt 1 0.233708
vn 0.930202 -0.14878 -0.335543
vt 0.947999 0.469649
vn 0.939077 -0.156305 -0.306111
vt 0.87767 0.504248
vn 0.159985 0.980936 -0.110315
vt 0.803797 0.420988
vn -0.0247315 0.99941 -0.0238231
vt 0.788454 0.247918
vn -0.0247315 0.99941 -0.0238231
vt 0.751135 0.0451927
vn 0.174597 0.978599 -0.108906
vt 0.803797 0.420988
vn -0.0181338 0.999436 -0.0282807
vt 0.788454 0.247918
vn -0.0244848 0.999183 -0.0321614
vt 0.877667 0.253331
vn 0.93713 -0.162345 -0.30892
vt 0.87767 0.504248
vn -0.0153201 0.99953 -0.0265612
vt 0.751135 0.0451927
vn 0.0757079 0.996704 0.0291508
vt 0.877665 0
vn -0.0120221 0.999912 0.00562675
vt 0.877667 0.253331
vn -0.0475968 0.99822 -0.0359289
vt 0.877665 0
vn -0.0187527 0.999824 0.000201241
vt 0.970626 0.0120657
vn -0.0201428 0.999796 -0.00142662
vt 1 0.233708
vn -0.278258 0.929993 -0.240178
vt 0.947999 0.469649
vn -0.276665 0.93039 -0.240481
vt 0.87767 0.504248
vn -0.010428 0.99992 0.00716777
vt 0.803797 0.420988
vn -0.010428 0.99992 0.00716777
vt 0.788454 0.247918
vn -0.010428 0.99992 0.00716777
vt 0.751135 0.0451927
vn -0.0153819 0.999803 0.0125204
vt 0.803797 0.420988
vn -0.0147235 0.999803 0.0132911
vt 0.788454 0.247918
vn -0.0186258 0.999788 0.00872315
vt 0.877667 0.253331
vn -0.282394 0.929655 -0.236634
vt 0.87767 0.504248
vn -0.0131426 0.999799 0.0151414
vt 0.751135 0.0451927
vn -0.0540079 0.998004 -0.0327384
vt 0.877665 0
vn 0.698554 0.600096 -0.389753
vt 0.877667 0.253331
vn 0.125879 0.990981 -0.0459551
vt 0.877665 0
vn -0.241207 0.781815 -0.574965
vt 0.970626 0.0120657
vn -0.036446 0.485653 -0.873392
vt 1 0.233708
vn 0.309479 0.0475027 -0.949719
vt 0.947999 0.469649
vn 0.719987 -0.0646126 -0.690974
vt 0.87767 0.504248
vn 0.763406 0.0464241 -0.644249
vt 0.803797 0.420988
vn 0.687415 0.62038 -0.377611
vt 0.788454 0.247918
vn 0.190253 0.97941 -0.0675216
vt 0.751135 0.0451927
vn 0.987561 -0.0212155 -0.155798
vt 0.803797 0.420988
vn 0.879236 0.417888 0.22872
vt 0.788454 0.247918
vn 0.698554 0.600096 -0.389753
vt 0.877667 0.253331
vn 0.719987 -0.0646126 -0.690974
vt 0.87767 0.504248
vn 0.551944 0.536108 0.638706
vt 0.751135 0.0451927
vn 0.125879 0.990981 -0.0459551
vt 0.877665 0
vn 0.301731 -0.928678 -0.215676
vt 0.495134 0.00310336
vn -0.170841 -0.881423 -0.440348
vt 0.00161526 0.00309532
vn 0.209089 -0.749727 -0.627847
vt 0.245315 0.262011
vn 0.0336345 -0.583903 -0.811127
vt 0.00159005 0.51451
vn 0.729963 -0.430707 -0.530703
vt 0.5005 0.357726
vn 0.401364 -0.511689 -0.759659
vt 0.36416 0.492132
vn 0.0155799 0.671532 0.740812
vt 0.678523 0.519545
vn -0.00323744 0.860346 0.509699
vt 0.986831 0.519545
vn -0.202288 0.742744 0.638288
vt 0.754554 0.775377
vn -0.323757 0.848617 0.418367
vt 0.986853 0.986383
vn -0.439055 0.636561 0.634051
vt 0.506141 0.986359
vn -0.201066 0.563938 0.800966
vt 0.506156 0.684744
vn -0.0627999 0.845538 0.530209
vt 0.877667 0.253331
vn -0.0792451 0.99551 0.0517773
vt 0.877665 0
vn 0.342837 0.760521 0.551427
vt 0.970626 0.0120657
vn 0.486915 0.307309 0.817603
vt 1 0.233708
vn 0.555202 0.0472118 0.830375
vt 0.947999 0.469649
vn 0.166336 0.2624 0.950515
vt 0.87767 0.504248
vn 0.078355 0.388961 0.917916
vt 0.803797 0.420988
vn -0.0588586 0.858816 0.508892
vt 0.788454 0.247918
vn -0.0676648 0.991289 0.112992
vt 0.751135 0.0451927
vn -0.385391 0.581794 0.716233
vt 0.803797 0.420988
vn -0.4893 0.872115 0.00109208
vt 0.788454 0.247918
vn -0.0627999 0.845538 0.530209
vt 0.877667 0.253331
vn 0.166336 0.2624 0.950515
vt 0.87767 0.504248
vn -0.555533 0.618293 -0.555964
vt 0.751135 0.0451927
vn -0.0792451 0.99551 0.0517773
vt 0.877665 0
vn -0.578518 0.60992 -0.541585
vt 7.058e-006 0.513126
vn -0.680022 -0.1259 -0.722301
vt 0 0.999975
vn -0.92237 0.0830004 -0.377286
vt 0.214134 0.755811
vn -0.882956 -0.441441 -0.159746
vt 0.496617 1
vn -0.850571 0.525597 -0.0166148
vt 0.317623 0.506434
vn -0.905051 0.372039 0.206082
vt 0.494455 0.688274
vn 0.904598 0.179582 0.38659
vt 0.678523 0.519545
vn 0.802194 -0.00656453 0.597027
vt 0.986831 0.519545
vn 0.925632 -0.070197 0.371858
vt 0.754554 0.775377
vn 0.831339 -0.309823 0.461396
vt 0.986853 0.986383
vn 0.956795 -0.233819 0.172837
vt 0.506141 0.986359
vn 0.981675 0.064701 0.179245
vt 0.506156 0.684744
vn -0.342905 0.923501 -0.171933
vt 0.877667 0.253331
vn -0.053907 0.977523 -0.203822
vt 0.877665 0
vn -0.670647 0.741748 -0.00651303
vt 0.970626 0.0120657
vn -0.916042 0.388574 0.0993837
vt 1 0.233708
vn -0.818298 0.0964014 0.566653
vt 0.947999 0.469649
vn -0.840434 0.43721 0.320184
vt 0.87767 0.504248
vn -0.784674 0.597686 0.164492
vt 0.803797 0.420988
vn -0.328328 0.928309 -0.17448
vt 0.788454 0.247918
vn -0.0879721 0.97543 -0.201984
vt 0.751135 0.0451927
vn -0.468847 0.864 -0.183538
vt 0.803797 0.420988
vn 0.297 0.885848 -0.356461
vt 0.788454 0.247918
vn -0.342905 0.923501 -0.171933
vt 0.877667 0.253331
vn -0.840434 0.43721 0.320184
vt 0.87767 0.504248
vn 0.732074 0.602952 -0.317042
vt 0.751135 0.0451927
vn -0.053907 0.977523 -0.203822
vt 0.877665 0
vn -0.354246 0.919686 0.169376
vt 0.495134 0.00310336
vn -0.178531 0.928471 -0.325681
vt 0.00161526 0.00309532
vn -0.581677 0.78683 -0.206277
vt 0.245315 0.262011
vn -0.588769 0.652054 -0.477678
vt 0.00159005 0.51451
vn -0.886216 0.422511 0.190016
vt 0.5005 0.357726
vn -0.813915 0.548363 -0.191939
vt 0.36416 0.492132
vn 0.503183 -0.736235 0.45251
vt 0.678523 0.519545
vn 0.351069 -0.901037 0.254722
vt 0.986831 0.519545
vn 0.584313 -0.781362 0.219207
vt 0.754554 0.775377
vn 0.513874 -0.85723 -0.0330056
vt 0.986853 0.986383
vn 0.750421 -0.657994 0.0625539
vt 0.506141 0.986359
vn 0.700483 -0.61889 0.355386
vt 0.506156 0.684744
vn 0.361753 0.931251 0.0436515
vt 0.877667 0.253331
vn 0.107926 0.991983 0.0657426
vt 0.877665 0
vn 0.396973 0.762921 -0.510259
vt 0.970626 0.0120657
vn 0.521731 0.510647 -0.6834
vt 1 0.233708
vn 0.71395 0.351453 -0.605605
vt 0.947999 0.469649
vn 0.832292 0.524689 -0.178861
vt 0.87767 0.504248
vn 0.761206 0.639341 -0.108666
vt 0.803797 0.420988
vn 0.345375 0.937397 0.0447496
vt 0.788454 0.247918
vn 0.129639 0.989556 0.0630305
vt 0.751135 0.0451927
vn 0.593618 0.696429 0.403242
vt 0.803797 0.420988
vn 0.0223 0.797402 0.603036
vt 0.788454 0.247918
vn 0.361753 0.931251 0.0436515
vt 0.877667 0.253331
vn 0.832292 0.524689 -0.178861
vt 0.87767 0.504248
vn -0.31054 0.586694 0.7479
vt 0.751135 0.0451927
vn 0.107926 0.991983 0.0657426
vt 0.877665 0
vn -0.190785 0.947752 -0.255672
vt 0.495134 0.00310336
vn 0.0976678 0.978365 0.182383
vt 0.00161526 0.00309532
vn 0.266896 0.936935 -0.225651
vt 0.245315 0.262011
vn 0.52105 0.849212 -0.085708
vt 0.00159005 0.51451
vn 0.225791 0.617366 -0.753577
vt 0.5005 0.357726
vn 0.450505 0.771568 -0.449141
vt 0.36416 0.492132
vn -0.430518 -0.902308 0.0222282
vt 0.678523 0.519545
vn -0.145334 -0.989383 -0.000274004
vt 0.986831 0.519545
vn -0.280016 -0.934291 0.22066
vt 0.754554 0.775377
vn -0.0220648 -0.951373 0.307251
vt 0.986853 0.986383
vn -0.283428 -0.840115 0.462467
vt 0.506141 0.986359
vn -0.496275 -0.83085 0.251793
vt 0.506156 0.684744
vn 0.525739 0.848595 0.0590428
vt 0.877667 0.253331
vn 0.239179 0.96445 0.112382
vt 0.877665 0
vn 0.459787 0.73752 -0.494631
vt 0.970626 0.0120657
vn 0.557076 0.45852 -0.692406
vt 1 0.233708
vn 0.548002 0.288182 -0.785268
vt 0.947999 0.469649
vn 0.776654 0.459756 -0.430619
vt 0.87767 0.504248
vn 0.77809 0.552018 -0.299753
vt 0.803797 0.420988
vn 0.5093 0.858256 0.0633292
vt 0.788454 0.247918
vn 0.267705 0.957276 0.109344
vt 0.751135 0.0451927
vn 0.744084 0.625284 0.235283
vt 0.803797 0.420988
vn 0.21299 0.736258 0.642308
vt 0.788454 0.247918
vn 0.525739 0.848595 0.0590428
vt 0.877667 0.253331
vn 0.776654 0.459756 -0.430619
vt 0.87767 0.504248
vn -0.178627 0.571913 0.80063
vt 0.751135 0.0451927
vn 0.239179 0.96445 0.112382
vt 0.877665 0
vn -0.0828204 0.953436 -0.290001
vt 7.058e-006 0.513126
vn 0.365334 0.872663 0.324023
vt 0 0.999975
vn 0.532684 0.838543 -0.114426
vt 0.214134 0.755811
vn 0.87372 0.464207 0.145348
vt 0.496617 1
vn 0.332116 0.697472 -0.635005
vt 0.317623 0.506434
vn 0.530469 0.510278 -0.676919
vt 0.494455 0.688274
vn -0.668739 -0.738324 -0.0875563
vt 0.678523 0.519545
vn -0.419058 -0.900887 -0.113111
vt 0.986831 0.519545
vn -0.544234 -0.831761 0.109464
vt 0.754554 0.775377
vn -0.306651 -0.930693 0.199438
vt 0.986853 0.986383
vn -0.53375 -0.765152 0.360075
vt 0.506141 0.986359
vn -0.723736 -0.674246 0.146965
vt 0.506156 0.684744
vn -0.881088 0.235904 0.409918
vt 0.877667 0.253331
vn -0.214454 0.976416 0.0249435
vt 0.877665 0
vn -0.19512 0.718097 0.668031
vt 0.970626 0.0120657
vn -0.261861 0.0361703 0.964428
vt 1 0.233708
vn -0.372749 -0.19824 0.906509
vt 0.947999 0.469649
vn -0.762402 -0.207283 0.613007
vt 0.87767 0.504248
vn -0.806845 -0.172097 0.56514
vt 0.803797 0.420988
vn -0.877406 0.260595 0.402802
vt 0.788454 0.247918
vn -0.321006 0.94467 0.067476
vt 0.751135 0.0451927
vn -0.993136 -0.0988267 0.0625632
vt 0.803797 0.420988
vn -0.906885 0.331406 -0.26025
vt 0.788454 0.247918
vn -0.881088 0.235904 0.409918
vt 0.877667 0.253331
vn -0.762402 -0.207283 0.613007
vt 0.87767 0.504248
vn -0.20687 0.601579 -0.771562
vt 0.751135 0.0451927
vn -0.214454 0.976416 0.0249435
vt 0.877665 0
vn 0.962865 0.0781953 0.258413
vt 0.495134 0.00310336
vn 0.926861 0.310032 -0.211682
vt 0.00161526 0.00309532
vn 0.841027 0.512335 0.173743
vt 0.245315 0.262011
vn 0.695447 0.718553 0.00595133
vt 0.00159005 0.51451
vn 0.535512 0.459078 0.708854
vt 0.5005 0.357726
vn 0.633476 0.675894 0.376665
vt 0.36416 0.492132
vn -0.769704 -0.636654 0.0471856
vt 0.678523 0.519545
vn -0.923965 -0.380694 0.0368807
vt 0.986831 0.519545
vn -0.835315 -0.52371 -0.167262
vt 0.754554 0.775377
vn -0.91389 -0.290161 -0.283921
vt 0.986853 0.986383
vn -0.740569 -0.533425 -0.408675
vt 0.506141 0.986359
vn -0.681908 -0.710408 -0.174134
vt 0.506156 0.684744
vn -0.163322 0.236797 -0.957733
vt 0.877667 0.253331
vn 0.0339135 0.985687 -0.165142
vt 0.877665 0
vn -0.593969 0.738861 -0.318254
vt 0.970626 0.0120657
vn -0.857233 0.0759632 -0.509295
vt 1 0.233708
vn -0.931591 0.00339745 -0.363493
vt 0.947999 0.469649
vn -0.676782 -0.0709695 -0.732755
vt 0.87767 0.504248
vn -0.559216 -0.064209 -0.826531
vt 0.803797 0.420988
vn -0.153098 0.259805 -0.953448
vt 0.788454 0.247918
vn 0.0285245 0.957332 -0.287578
vt 0.751135 0.0451927
vn -0.0458488 -0.0847084 -0.99535
vt 0.803797 0.420988
vn 0.50006 0.281633 -0.818916
vt 0.788454 0.247918
vn -0.163322 0.236797 -0.957733
vt 0.877667 0.253331
vn -0.676782 -0.0709695 -0.732755
vt 0.87767 0.504248
vn 0.807304 0.589817 0.0193932
vt 0.751135 0.0451927
vn 0.0339135 0.985687 -0.165142
vt 0.877665 0
vn 0.247846 0.746131 0.617949
vt 0.495134 0.00310336
vn 0.578821 0.787412 0.212011
vt 0.00161526 0.00309532
vn 0.170397 0.960547 0.219805
vt 0.245315 0.262011
vn 0.197203 0.976955 -0.0816673
vt 0.00159005 0.51451
vn -0.422177 0.837413 0.34714
vt 0.5005 0.357726
vn -0.137334 0.985991 0.094663
vt 0.36416 0.492132
vn -0.295642 -0.955226 0.0117916
vt 0.678523 0.519545
vn -0.415867 -0.874441 -0.249815
vt 0.986831 0.519545
vn -0.170698 -0.963581 -0.205851
vt 0.754554 0.775377
vn -0.158991 -0.872264 -0.462469
vt 0.986853 0.986383
vn 0.0819299 -0.960707 -0.265198
vt 0.506141 0.986359
vn -0.0504503 -0.998726 0.000891357
vt 0.506156 0.684744
vn 0.152877 0.951107 -0.268374
vt 0.877667 0.253331
vn 0.145252 0.989145 0.0222291
vt 0.877665 0
vn 0.206711 0.752828 -0.624917
vt 0.970626 0.0120657
vn 0.190946 0.386719 -0.902213
vt 1 0.233708
vn -0.119211 0.35067 -0.928881
vt 0.947999 0.469649
vn -0.0485529 0.735545 -0.675734
vt 0.87767 0.504248
vn 0.0212883 0.806445 -0.590925
vt 0.803797 0.420988
vn 0.15444 0.953553 -0.258622
vt 0.788454 0.247918
vn 0.150635 0.988344 -0.0220251
vt 0.751135 0.0451927
vn 0.0997688 0.991042 -0.0887774
vt 0.803797 0.420988
vn 0.0744912 0.918934 0.387312
vt 0.788454 0.247918
vn 0.152877 0.951107 -0.268374
vt 0.877667 0.253331
vn -0.0485529 0.735545 -0.675734
vt 0.87767 0.504248
vn -0.0247321 0.616142 0.787247
vt 0.751135 0.0451927
vn 0.145252 0.989145 0.0222291
vt 0.877665 0
vn -0.190217 0.940091 0.282926
vt 0.495134 0.00310336
vn 0.18268 0.769828 0.611549
vt 0.00161526 0.00309532
vn 0.262806 0.941626 0.210411
vt 0.245315 0.262011
vn 0.535333 0.811266 0.235086
vt 0.00159005 0.51451
vn 0.0986359 0.917465 -0.385394
vt 0.5005 0.357726
vn 0.388288 0.916398 -0.0971994
vt 0.36416 0.492132
vn -0.462482 -0.821629 -0.333221
vt 0.678523 0.519545
vn -0.192709 -0.870676 -0.452533
vt 0.986831 0.519545
vn -0.276515 -0.937626 -0.210705
vt 0.754554 0.775377
vn -0.00754404 -0.980228 -0.19773
vt 0.986853 0.986383
vn -0.22573 -0.973315 0.0412845
vt 0.506141 0.986359
vn -0.476306 -0.874655 -0.0900595
vt 0.506156 0.684744
vn 0.158241 0.857347 -0.489811
vt 0.877667 0.253331
vn 0.250417 0.965199 -0.0753785
vt 0.877665 0
vn 0.0473754 0.718943 -0.693453
vt 0.970626 0.0120657
vn -0.130102 0.255206 -0.958094
vt 1 0.233708
vn -0.707429 0.0707135 -0.703239
vt 0.947999 0.469649
vn -0.493244 0.449197 -0.744938
vt 0.87767 0.504248
vn -0.309129 0.553183 -0.773581
vt 0.803797 0.420988
vn 0.164413 0.865093 -0.473902
vt 0.788454 0.247918
vn 0.243571 0.960506 -0.134539
vt 0.751135 0.0451927
vn 0.0785999 0.842422 -0.533055
vt 0.803797 0.420988
vn 0.377236 0.91566 0.138777
vt 0.788454 0.247918
vn 0.158241 0.857347 -0.489811
vt 0.877667 0.253331
vn -0.493244 0.449197 -0.744938
vt 0.87767 0.504248
vn 0.347374 0.622092 0.701664
vt 0.751135 0.0451927
vn 0.250417 0.965199 -0.0753785
vt 0.877665 0
vn 0.470853 0.639463 -0.607771
vt 7.058e-006 0.513126
vn 0.952135 0.155872 -0.262952
vt 0 0.999975
vn 0.740614 0.0510492 -0.669988
vt 0.214134 0.755811
vn 0.765305 -0.469229 -0.440604
vt 0.496617 1
vn 0.257145 0.196201 -0.946246
vt 0.317623 0.506434
vn 0.180776 -0.0666369 -0.981264
vt 0.494455 0.688274
vn -0.842351 0.140289 0.520351
vt 0.678523 0.519545
vn -0.871073 -0.152518 0.466874
vt 0.986831 0.519545
vn -0.743381 -0.0372026 0.667832
vt 0.754554 0.775377
vn -0.664868 -0.297717 0.685066
vt 0.986853 0.986383
vn -0.546336 -0.0374646 0.836728
vt 0.506141 0.986359
vn -0.682914 0.193999 0.704268
vt 0.506156 0.684744
vn -0.363681 0.87371 0.323059
vt 0.877667 0.253331
vn -0.253706 0.964844 0.0686341
vt 0.877665 0
vn -0.0273285 0.73688 0.675472
vt 0.970626 0.0120657
vn 0.0746821 0.438337 0.895702
vt 1 0.233708
vn -0.0620271 0.228948 0.971461
vt 0.947999 0.469649
vn -0.470633 0.398224 0.787352
vt 0.87767 0.504248
vn -0.475919 0.522438 0.707503
vt 0.803797 0.420988
vn -0.356042 0.881948 0.308873
vt 0.788454 0.247918
vn -0.261734 0.960432 0.0952197
vt 0.751135 0.0451927
vn -0.746889 0.616952 0.248049
vt 0.803797 0.420988
vn -0.523207 0.788992 -0.322097
vt 0.788454 0.247918
vn -0.363681 0.87371 0.323059
vt 0.877667 0.253331
vn -0.470633 0.398224 0.787352
vt 0.87767 0.504248
vn -0.377833 0.580295 -0.721457
vt 0.751135 0.0451927
vn -0.253706 0.964844 0.0686341
vt 0.877665 0
vn -0.00381464 0.899371 0.43717
vt 0.495134 0.00310336
vn -0.505437 0.803898 0.313499
vt 0.00161526 0.00309532
vn -0.308097 0.660949 0.684268
vt 0.245315 0.262011
vn -0.538369 0.464739 0.702977
vt 0.00159005 0.51451
vn 0.195536 0.377832 0.904991
vt 0.5005 0.357726
vn -0.211013 0.413839 0.885557
vt 0.36416 0.492132
vn 0.543896 -0.559556 -0.62536
vt 0.678523 0.519545
vn 0.409418 -0.779579 -0.473955
vt 0.986831 0.519545
vn 0.319004 -0.652324 -0.687539
vt 0.754554 0.775377
vn 0.101539 -0.792425 -0.601459
vt 0.986853 0.986383
vn 0.119032 -0.55643 -0.822324
vt 0.506141 0.986359
vn 0.398949 -0.452474 -0.797563
vt 0.506156 0.684744
vn -0.0653782 0.308056 -0.949119
vt 0.877667 0.253331
vn 0.0530896 0.975074 -0.215435
vt 0.877665 0
vn -0.590337 0.750022 -0.298276
vt 0.970626 0.0120657
vn -0.823519 0.17587 -0.539339
vt 1 0.233708
vn -0.701564 -0.203693 -0.682874
vt 0.947999 0.469649
vn -0.27748 -0.267868 -0.922633
vt 0.87767 0.504248
vn -0.222204 -0.217661 -0.950394
vt 0.803797 0.420988
vn -0.0604136 0.336021 -0.939915
vt 0.788454 0.247918
vn 0.0489146 0.951426 -0.303969
vt 0.751135 0.0451927
vn 0.317401 -0.182654 -0.930534
vt 0.803797 0.420988
vn 0.5832 0.315004 -0.748766
vt 0.788454 0.247918
vn -0.0653782 0.308056 -0.949119
vt 0.877667 0.253331
vn -0.27748 -0.267868 -0.922633
vt 0.87767 0.504248
vn 0.828802 0.557696 -0.0454106
vt 0.751135 0.0451927
vn 0.0530896 0.975074 -0.215435
vt 0.877665 0
vn 0.495361 0.205049 0.84414
vt 0.495134 0.00310336
vn 0.857929 0.22016 0.464206
vt 0.00161526 0.00309532
vn 0.596445 0.561502 0.573559
vt 0.245315 0.262011
vn 0.672165 0.675513 0.303112
vt 0.00159005 0.51451
vn 0.0112688 0.726263 0.687325
vt 0.5005 0.357726
vn 0.365918 0.788585 0.494204
vt 0.36416 0.492132
vn -0.734641 -0.581063 -0.350241
vt 0.678523 0.519545
vn -0.757509 -0.356789 -0.5467
vt 0.986831 0.519545
vn -0.600296 -0.569005 -0.56203
vt 0.754554 0.775377
vn -0.506323 -0.407076 -0.760215
vt 0.986853 0.986383
vn -0.375074 -0.675231 -0.635123
vt 0.506141 0.986359
vn -0.546288 -0.737413 -0.397231
vt 0.506156 0.684744
vn 0.420446 0.903688 -0.081079
vt 0.877667 0.253331
vn 0.12814 0.991721 0.00833924
vt 0.877665 0
vn 0.258573 0.742685 -0.617705
vt 0.970626 0.0120657
vn 0.382754 0.446593 -0.808736
vt 1 0.233708
vn 0.507294 0.295265 -0.809612
vt 0.947999 0.469649
vn 0.742019 0.485998 -0.461751
vt 0.87767 0.504248
vn 0.713805 0.607826 -0.347894
vt 0.803797 0.420988
vn 0.404108 0.911339 -0.0784791
vt 0.788454 0.247918
vn 0.158472 0.987345 -0.00600421
vt 0.751135 0.0451927
vn 0.695986 0.693413 0.186497
vt 0.803797 0.420988
vn 0.209249 0.81133 0.545856
vt 0.788454 0.247918
vn 0.420446 0.903688 -0.081079
vt 0.877667 0.253331
vn 0.742019 0.485998 -0.461751
vt 0.87767 0.504248
vn -0.100559 0.61607 0.781246
vt 0.751135 0.0451927
vn 0.12814 0.991721 0.00833924
vt 0.877665 0
vn -0.503109 0.701427 -0.504858
vt 7.058e-006 0.513126
vn 0.0178383 0.999351 -0.0313089
vt 0 0.999975
vn 0.123311 0.872883 -0.472091
vt 0.214134 0.755811
vn 0.619201 0.753968 -0.219369
vt 0.496617 1
vn -0.0709113 0.498779 -0.863823
vt 0.317623 0.506434
vn 0.178845 0.388523 -0.903916
vt 0.494455 0.688274
vn -0.314461 -0.902781 0.293429
vt 0.678523 0.519545
vn -0.0261882 -0.968301 0.248409
vt 0.986831 0.519545
vn -0.13718 -0.872652 0.46868
vt 0.754554 0.775377
vn 0.129899 -0.84628 0.516659
vt 0.986853 0.986383
vn -0.120857 -0.723064 0.680127
vt 0.506141 0.986359
vn -0.358409 -0.783393 0.507779
vt 0.506156 0.684744
vn 0.463169 0.613402 0.639698
vt 0.877667 0.253331
vn 0.0301614 0.99751 0.0637553
vt 0.877665 0
vn 0.624217 0.760309 -0.179675
vt 0.970626 0.0120657
vn 0.943215 0.330702 -0.0313437
vt 1 0.233708
vn 0.957452 -0.0888619 0.27457
vt 0.947999 0.469649
vn 0.706613 -0.102922 0.700075
vt 0.87767 0.504248
vn 0.675485 0.0172678 0.737172
vt 0.803797 0.420988
vn 0.45124 0.634983 0.62704
vt 0.788454 0.247918
vn 0.0664045 0.990563 0.119901
vt 0.751135 0.0451927
vn 0.19334 0.0681493 0.978762
vt 0.803797 0.420988
vn -0.190176 0.562676 0.804505
vt 0.788454 0.247918
vn 0.463169 0.613402 0.639698
vt 0.877667 0.253331
vn 0.706613 -0.102922 0.700075
vt 0.87767 0.504248
vn -0.709324 0.593433 0.380389
vt 0.751135 0.0451927
vn 0.0301614 0.99751 0.0637553
vt 0.877665 0
vn -0.409809 -0.659131 -0.630558
vt 0.495134 0.00310336
vn -0.756197 -0.265437 -0.598088
vt 0.00161526 0.00309532
vn -0.40761 -0.269343 -0.87253
vt 0.245315 0.262011
vn -0.449994 0.0301192 -0.892524
vt 0.00159005 0.51451
vn 0.201163 -0.373369 -0.90561
vt 0.5005 0.357726
vn -0.122703 -0.136564 -0.983003
vt 0.36416 0.492132
vn 0.536352 0.0415189 0.842973
vt 0.678523 0.519545
vn 0.620424 0.302475 0.723591
vt 0.986831 0.519545
vn 0.409263 0.25556 0.875896
vt 0.754554 0.775377
vn 0.363583 0.507178 0.781395
vt 0.986853 0.986383
vn 0.162555 0.307281 0.937632
vt 0.506141 0.986359
vn 0.310957 0.0472515 0.949249
vt 0.506156 0.684744
vn -0.63255 0.527184 -0.567414
vt 0.877667 0.253331
vn -0.0436201 0.995995 -0.0780527
vt 0.877665 0
vn -0.655357 0.746981 0.111925
vt 0.970626 0.0120657
vn -0.969626 0.217085 0.112694
vt 1 0.233708
vn -0.934046 -0.0448603 0.354325
vt 0.947999 0.469649
vn -0.99326 -0.0670153 -0.0945701
vt 0.87767 0.504248
vn -0.969543 -0.011175 -0.244666
vt 0.803797 0.420988
vn -0.613402 0.550942 -0.565862
vt 0.788454 0.247918
vn -0.0895691 0.984481 -0.150912
vt 0.751135 0.0451927
vn -0.701311 0.0383156 -0.711825
vt 0.803797 0.420988
vn -0.00143502 0.543218 -0.83959
vt 0.788454 0.247918
vn -0.63255 0.527184 -0.567414
vt 0.877667 0.253331
vn -0.99326 -0.0670153 -0.0945701
vt 0.87767 0.504248
vn 0.717745 0.607054 -0.341068
vt 0.751135 0.0451927
vn -0.0436201 0.995995 -0.0780527
vt 0.877665 0
vn 0.304009 0.940696 0.150566
vt 0.495134 0.00310336
vn 0.310585 0.875284 -0.370695
vt 0.00161526 0.00309532
vn -0.0494802 0.989217 -0.137846
vt 0.245315 0.262011
vn -0.206157 0.900942 -0.381841
vt 0.00159005 0.51451
vn -0.38731 0.84845 0.360727
vt 0.5005 0.357726
vn -0.362213 0.931296 -0.0386002
vt 0.36416 0.492132
vn 0.0848091 -0.917433 0.388746
vt 0.678523 0.519545
vn -0.181018 -0.949672 0.255648
vt 0.986831 0.519545
vn 0.0581649 -0.987126 0.148992
vt 0.754554 0.775377
vn -0.108104 -0.991878 -0.067019
vt 0.986853 0.986383
vn 0.215008 -0.974923 -0.0574119
vt 0.506141 0.986359
vn 0.278299 -0.931984 0.232284
vt 0.506156 0.684744
vn -0.544479 0.801228 0.248146
vt 0.877667 0.253331
vn -0.114512 0.993216 -0.0202165
vt 0.877665 0
vn -0.16881 0.758763 0.629112
vt 0.970626 0.0120657
vn -0.285568 0.337472 0.896975
vt 1 0.233708
vn -0.506949 -0.0927699 0.856969
vt 0.947999 0.469649
vn -0.851224 -0.0117928 0.524671
vt 0.87767 0.504248
vn -0.860924 0.151492 0.485654
vt 0.803797 0.420988
vn -0.519367 0.820462 0.238957
vt 0.788454 0.247918
vn -0.156265 0.987529 0.0191805
vt 0.751135 0.0451927
vn -0.954932 0.295434 -0.0287072
vt 0.803797 0.420988
vn -0.427284 0.794581 -0.431358
vt 0.788454 0.247918
vn -0.544479 0.801228 0.248146
vt 0.877667 0.253331
vn -0.851224 -0.0117928 0.524671
vt 0.87767 0.504248
vn -0.0102451 0.608226 -0.793698
vt 0.751135 0.0451927
vn -0.114512 0.993216 -0.0202165
vt 0.877665 0
vn 0.400622 -0.902659 -0.157191
vt 7.058e-006 0.513126
vn -0.21786 -0.931531 0.291183
vt 0 0.999975
vn -0.247425 -0.952424 -0.177962
vt 0.214134 0.755811
vn -0.732811 -0.677251 -0.0657255
vt 0.496617 1
vn 0.0598931 -0.773865 -0.630513
vt 0.317623 0.506434
vn -0.15635 -0.647258 -0.746064
vt 0.494455 0.688274
vn 0.458688 0.887925 0.0345745
vt 0.678523 0.519545
vn 0.196369 0.977451 -0.0776511
vt 0.986831 0.519545
vn 0.261239 0.948865 0.177225
vt 0.754554 0.775377
vn -0.00917555 0.982714 0.184903
vt 0.986853 0.986383
vn 0.192165 0.887113 0.419647
vt 0.506141 0.986359
vn 0.454112 0.845738 0.280196
vt 0.506156 0.684744
vn 0.658495 0.739018 0.142257
vt 0.877667 0.253331
vn 0.23316 0.964165 0.126579
vt 0.877665 0
vn 0.52613 0.724764 -0.444865
vt 0.970626 0.0120657
vn 0.666029 0.400516 -0.629279
vt 1 0.233708
vn 0.654027 0.109008 -0.748576
vt 0.947999 0.469649
vn 0.914035 0.129218 -0.384503
vt 0.87767 0.504248
vn 0.953381 0.199602 -0.226327
vt 0.803797 0.420988
vn 0.633178 0.760666 0.143087
vt 0.788454 0.247918
vn 0.272568 0.953199 0.130833
vt 0.751135 0.0451927
vn 0.920752 0.233447 0.3126
vt 0.803797 0.420988
vn 0.265854 0.657748 0.704762
vt 0.788454 0.247918
vn 0.658495 0.739018 0.142257
vt 0.877667 0.253331
vn 0.914035 0.129218 -0.384503
vt 0.87767 0.504248
vn -0.259292 0.583486 0.769618
vt 0.751135 0.0451927
vn 0.23316 0.964165 0.126579
vt 0.877665 0
vn -0.764213 -0.644431 -0.0262184
vt 7.058e-006 0.513126
vn -0.780964 -0.196339 0.592914
vt 0 0.999975
vn -0.980114 -0.0689403 0.186077
vt 0.214134 0.755811
vn -0.815205 0.442425 0.373766
vt 0.496617 1
vn -0.909615 -0.181088 -0.373908
vt 0.317623 0.506434
vn -0.893601 0.0862147 -0.440504
vt 0.494455 0.688274
vn 0.922919 -0.112479 -0.368196
vt 0.678523 0.519545
vn 0.895349 0.182858 -0.406096
vt 0.986831 0.519545
vn 0.980149 0.0553221 -0.190386
vt 0.754554 0.775377
vn 0.94494 0.31088 -0.102185
vt 0.986853 0.986383
vn 0.996848 0.0405766 0.0681798
vt 0.506141 0.986359
vn 0.974595 -0.179631 -0.13378
vt 0.506156 0.684744
vn 0.898808 0.217063 -0.380825
vt 0.877667 0.253331
vn 0.230262 0.972868 -0.0225295
vt 0.877665 0
vn 0.19909 0.72132 -0.66337
vt 0.970626 0.0120657
vn 0.292913 0.109416 -0.949858
vt 1 0.233708
vn 0.134485 -0.0259676 -0.990575
vt 0.947999 0.469649
vn 0.549315 -0.147599 -0.822476
vt 0.87767 0.504248
vn 0.653644 -0.139878 -0.743763
vt 0.803797 0.420988
vn 0.898015 0.24136 -0.367851
vt 0.788454 0.247918
vn 0.343015 0.938075 -0.0485344
vt 0.751135 0.0451927
vn 0.939072 -0.18916 -0.286988
vt 0.803797 0.420988
vn 0.925118 0.23186 0.300662
vt 0.788454 0.247918
vn 0.898808 0.217063 -0.380825
vt 0.877667 0.253331
vn 0.549315 -0.147599 -0.822476
vt 0.87767 0.504248
vn 0.220886 0.580833 0.783481
vt 0.751135 0.0451927
vn 0.230262 0.972868 -0.0225295
vt 0.877665 0
vn -0.307447 0.724519 0.616886
vt 0.495134 0.00310336
vn 0.170411 0.590203 0.789063
vt 0.00161526 0.00309532
vn 0.0952453 0.881327 0.462807
vt 0.245315 0.262011
vn 0.385685 0.836929 0.388327
vt 0.00159005 0.51451
vn -0.218979 0.973769 -0.0618239
vt 0.5005 0.357726
vn 0.132274 0.980278 0.146826
vt 0.36416 0.492132
vn -0.342694 -0.79766 -0.496285
vt 0.678523 0.519545
vn -0.113041 -0.729033 -0.67508
vt 0.986831 0.519545
vn -0.109024 -0.881691 -0.459058
vt 0.754554 0.775377
vn 0.155352 -0.843741 -0.513776
vt 0.986853 0.986383
vn 0.0166392 -0.968319 -0.249163
vt 0.506141 0.986359
vn -0.276011 -0.917031 -0.287876
vt 0.506156 0.684744
vn -0.0330769 0.302697 0.952513
vt 0.877667 0.253331
vn -0.0634936 0.984828 0.1615
vt 0.877665 0
vn 0.557994 0.756852 0.34032
vt 0.970626 0.0120657
vn 0.754188 0.210658 0.621951
vt 1 0.233708
vn 0.739076 -0.0697102 0.670005
vt 0.947999 0.469649
vn 0.343842 -0.166171 0.924208
vt 0.87767 0.504248
vn 0.257607 -0.138766 0.956233
vt 0.803797 0.420988
vn -0.041312 0.328208 0.943702
vt 0.788454 0.247918
vn -0.0847164 0.95848 0.272285
vt 0.751135 0.0451927
vn -0.282675 -0.164128 0.94507
vt 0.803797 0.420988
vn -0.662308 0.272036 0.698101
vt 0.788454 0.247918
vn -0.0330769 0.302697 0.952513
vt 0.877667 0.253331
vn 0.343842 -0.166171 0.924208
vt 0.87767 0.504248
vn -0.82738 0.556616 -0.0749789
vt 0.751135 0.0451927
vn -0.0634936 0.984828 0.1615
vt 0.877665 0
vn 0.0938092 0.861184 -0.499561
vt 0.495134 0.00310336
vn -0.282746 0.94837 -0.143698
vt 0.00161526 0.00309532
vn 0.151676 0.986483 -0.0620203
vt 0.245315 0.262011
vn 0.074027 0.970247 0.230521
vt 0.00159005 0.51451
vn 0.69856 0.704561 -0.124934
vt 0.5005 0.357726
vn 0.424645 0.898923 0.107767
vt 0.36416 0.492132
vn 0.0114699 -0.989411 -0.144684
vt 0.678523 0.519545
vn 0.097801 -0.985084 0.141579
vt 0.986831 0.519545
vn -0.149606 -0.987583 0.0479301
vt 0.754554 0.775377
vn -0.183478 -0.931972 0.312673
vt 0.986853 0.986383
vn -0.397681 -0.914804 0.0705917
vt 0.506141 0.986359
vn -0.233495 -0.956187 -0.1766
vt 0.506156 0.684744
vn -0.320847 0.752647 0.574962
vt 0.877667 0.253331
vn -0.11827 0.967699 0.222645
vt 0.877665 0
vn 0.468445 0.742921 0.478151
vt 0.970626 0.0120657
vn 0.545857 0.534675 0.645106
vt 1 0.233708
vn 0.0889813 0.157476 0.983506
vt 0.947999 0.469649
vn -0.418786 0.114068 0.900892
vt 0.87767 0.504248
vn -0.417191 0.232602 0.878549
vt 0.803797 0.420988
vn -0.312941 0.772193 0.552979
vt 0.788454 0.247918
vn -0.145342 0.956554 0.252747
vt 0.751135 0.0451927
vn -0.828418 0.181795 0.529787
vt 0.803797 0.420988
vn -0.809854 0.56628 0.153178
vt 0.788454 0.247918
vn -0.320847 0.752647 0.574962
vt 0.877667 0.253331
vn -0.418786 0.114068 0.900892
vt 0.87767 0.504248
vn -0.802534 0.551049 -0.228659
vt 0.751135 0.0451927
vn -0.11827 0.967699 0.222645
vt 0.877665 0
vn -0.0534944 0.947344 -0.315717
vt 7.058e-006 0.513126
vn -0.627725 0.763039 0.154053
vt 0 0.999975
vn -0.215657 0.924735 0.31362
vt 0.214134 0.755811
vn -0.350085 0.573398 0.740712
vt 0.496617 1
vn 0.332776 0.932619 0.139581
vt 0.317623 0.506434
vn 0.424711 0.823635 0.375828
vt 0.494455 0.688274
vn 0.378361 -0.794652 -0.474733
vt 0.678523 0.519545
vn 0.443321 -0.875086 -0.194143
vt 0.986831 0.519545
vn 0.21866 -0.91953 -0.326578
vt 0.754554 0.775377
vn 0.154174 -0.985558 -0.0700424
vt 0.986853 0.986383
vn -0.039657 -0.944528 -0.326027
vt 0.506141 0.986359
vn 0.139981 -0.831538 -0.537541
vt 0.506156 0.684744
vn 0.677091 0.610574 0.410789
vt 0.877667 0.253331
vn 0.060175 0.997976 0.0205778
vt 0.877665 0
vn 0.571864 0.738998 -0.356164
vt 0.970626 0.0120657
vn 0.892101 0.283342 -0.351956
vt 1 0.233708
vn 0.98112 -0.127149 -0.145728
vt 0.947999 0.469649
vn 0.930372 -0.110777 0.34948
vt 0.87767 0.504248
vn 0.924509 -0.000251352 0.38116
vt 0.803797 0.420988
vn 0.659412 0.634386 0.403399
vt 0.788454 0.247918
vn 0.108679 0.992701 0.0522832
vt 0.751135 0.0451927
vn 0.59296 0.0867741 0.800543
vt 0.803797 0.420988
vn 0.109554 0.602323 0.790699
vt 0.788454 0.247918
vn 0.677091 0.610574 0.410789
vt 0.877667 0.253331
vn 0.930372 -0.110777 0.34948
vt 0.87767 0.504248
vn -0.581866 0.627408 0.517486
vt 0.751135 0.0451927
vn 0.060175 0.997976 0.0205778
vt 0.877665 0
vn -0.162481 0.779014 -0.605588
vt 0.495134 0.00310336
vn -0.140814 0.982528 -0.1217
vt 0.00161526 0.00309532
vn 0.214531 0.901927 -0.37484
vt 0.245315 0.262011
vn 0.372927 0.920444 -0.117078
vt 0.00159005 0.51451
vn 0.488312 0.476759 -0.730925
vt 0.5005 0.357726
vn 0.506076 0.749342 -0.427053
vt 0.36416 0.492132
vn -0.256529 -0.958909 0.121185
vt 0.678523 0.519545
vn 0.00999583 -0.966478 0.256556
vt 0.986831 0.519545
vn -0.223577 -0.904161 0.364013
vt 0.754554 0.775377
vn -0.0446572 -0.830044 0.555907
vt 0.986853 0.986383
vn -0.360895 -0.764434 0.534224
vt 0.506141 0.986359
vn -0.437828 -0.860343 0.260991
vt 0.506156 0.684744
vn 0.478996 0.877305 -0.0299805
vt 0.877667 0.253331
vn 0.236724 0.961874 0.136968
vt 0.877665 0
vn 0.515184 0.729359 -0.450134
vt 0.970626 0.0120657
vn 0.603423 0.382152 -0.699887
vt 1 0.233708
vn 0.558483 0.261203 -0.787318
vt 0.947999 0.469649
vn 0.72871 0.515676 -0.450622
vt 0.87767 0.504248
vn 0.710407 0.620084 -0.332894
vt 0.803797 0.420988
vn 0.46753 0.883642 -0.0243599
vt 0.788454 0.247918
vn 0.266774 0.957257 0.111766
vt 0.751135 0.0451927
vn 0.624498 0.759334 0.182797
vt 0.803797 0.420988
vn 0.133107 0.832485 0.537821
vt 0.788454 0.247918
vn 0.478996 0.877305 -0.0299805
vt 0.877667 0.253331
vn 0.72871 0.515676 -0.450622
vt 0.87767 0.504248
vn -0.247412 0.5935 0.765862
vt 0.751135 0.0451927
vn 0.236724 0.961874 0.136968
vt 0.877665 0
vn -0.429791 -0.283783 0.857174
vt 7.058e-006 0.513126
vn -0.132676 -0.872432 0.470382
vt 0 0.999975
vn 0.121051 -0.619608 0.775521
vt 0.214134 0.755811
vn 0.528379 -0.749041 0.399692
vt 0.496617 1
vn 0.117825 -0.0853846 0.989357
vt 0.317623 0.506434
vn 0.382094 -0.0414975 0.923191
vt 0.494455 0.688274
vn -0.241207 0.767591 -0.59382
vt 0.678523 0.519545
vn 0.0536105 0.763418 -0.643677
vt 0.986831 0.519545
vn -0.133067 0.624537 -0.769576
vt 0.754554 0.775377
vn 0.0988387 0.509331 -0.854876
vt 0.986853 0.986383
vn -0.2061 0.406587 -0.890062
vt 0.506141 0.986359
vn -0.366909 0.591672 -0.717845
vt 0.506156 0.684744
vn -0.58012 0.254047 0.7739
vt 0.877667 0.253331
vn -0.165758 0.979255 0.116555
vt 0.877665 0
vn 0.241919 0.746948 0.619309
vt 0.970626 0.0120657
vn 0.251805 0.155162 0.955259
vt 1 0.233708
vn 0.245081 -0.0322843 0.968965
vt 0.947999 0.469649
vn -0.221947 -0.116146 0.968117
vt 0.87767 0.504248
vn -0.320053 -0.109588 0.94104
vt 0.803797 0.420988
vn -0.582054 0.278629 0.763923
vt 0.788454 0.247918
vn -0.240644 0.949983 0.199057
vt 0.751135 0.0451927
vn -0.762527 -0.140607 0.631492
vt 0.803797 0.420988
vn -0.946937 0.248892 0.203377
vt 0.788454 0.247918
vn -0.58012 0.254047 0.7739
vt 0.877667 0.253331
vn -0.221947 -0.116146 0.968117
vt 0.87767 0.504248
vn -0.638375 0.562587 -0.525332
vt 0.751135 0.0451927
vn -0.165758 0.979255 0.116555
vt 0.877665 0
vn 0.188929 0.961213 -0.200937
vt 7.058e-006 0.513126
vn -0.548126 0.835346 -0.0418802
vt 0 0.999975
vn -0.231605 0.927348 0.293914
vt 0.214134 0.755811
vn -0.574212 0.575838 0.581972
vt 0.496617 1
vn 0.33547 0.866252 0.370225
vt 0.317623 0.506434
vn 0.303749 0.732363 0.60941
vt 0.494455 0.688274
vn 0.4608 -0.813198 -0.355488
vt 0.678523 0.519545
vn 0.388711 -0.917463 -0.0846506
vt 0.986831 0.519545
vn 0.240463 -0.921919 -0.303716
vt 0.754554 0.775377
vn 0.0645017 -0.992094 -0.107651
vt 0.986853 0.986383
vn 0.00644985 -0.909682 -0.415255
vt 0.506141 0.986359
vn 0.270863 -0.812066 -0.516897
vt 0.506156 0.684744
vn 0.595168 0.236623 -0.767975
vt 0.877667 0.253331
vn 0.178626 0.972122 -0.151896
vt 0.877665 0
vn -0.213051 0.723372 -0.656767
vt 0.970626 0.0120657
vn -0.230242 0.154557 -0.960781
vt 1 0.233708
vn -0.298903 -0.0472463 -0.953113
vt 0.947999 0.469649
vn 0.151118 -0.164167 -0.974789
vt 0.87767 0.504248
vn 0.271621 -0.169542 -0.947353
vt 0.803797 0.420988
vn 0.598531 0.263622 -0.756482
vt 0.788454 0.247918
vn 0.257904 0.940181 -0.222588
vt 0.751135 0.0451927
vn 0.723849 -0.217917 -0.654641
vt 0.803797 0.420988
vn 0.95478 0.230663 -0.18759
vt 0.788454 0.247918
vn 0.595168 0.236623 -0.767975
vt 0.877667 0.253331
vn 0.151118 -0.164167 -0.974789
vt 0.87767 0.504248
vn 0.624471 0.574743 0.528874
vt 0.751135 0.0451927
vn 0.178626 0.972122 -0.151896
vt 0.877665 0
vn 0.390286 0.912998 -0.118791
vt 0.495134 0.00310336
vn 0.72985 0.656795 0.189576
vt 0.00161526 0.00309532
vn 0.729584 0.635145 -0.253569
vt 0.245315 0.262011
vn 0.896872 0.384921 -0.217847
vt 0.00159005 0.51451
vn 0.3701 0.548994 -0.74942
vt 0.5005 0.357726
vn 0.707328 0.460418 -0.536378
vt 0.36416 0.492132
vn -0.878625 -0.461246 0.123578
vt 0.678523 0.519545
vn -0.7276 -0.685994 -0.00329865
vt 0.986831 0.519545
vn -0.738856 -0.62428 0.253706
vt 0.754554 0.775377
vn -0.53751 -0.807735 0.242174
vt 0.986853 0.986383
vn -0.623368 -0.612688 0.485825
vt 0.506141 0.986359
vn -0.826504 -0.428466 0.365113
vt 0.506156 0.684744
vn -0.860124 0.473082 -0.190734
vt 0.877667 0.253331
vn -0.114026 0.992758 -0.0378032
vt 0.877665 0
vn -0.317855 0.757351 0.570428
vt 0.970626 0.0120657
vn -0.691469 0.303328 0.655639
vt 1 0.233708
vn -0.90294 -0.0394183 0.427955
vt 0.947999 0.469649
vn -0.995567 -0.0675617 -0.065432
vt 0.87767 0.504248
vn -0.995242 -0.0102528 -0.0968935
vt 0.803797 0.420988
vn -0.846397 0.497239 -0.1907
vt 0.788454 0.247918
vn -0.19223 0.979588 -0.0587803
vt 0.751135 0.0451927
vn -0.799135 -0.00139365 -0.60115
vt 0.803797 0.420988
vn -0.503628 0.411611 -0.759562
vt 0.788454 0.247918
vn -0.860124 0.473082 -0.190734
vt 0.877667 0.253331
vn -0.995567 -0.0675617 -0.065432
vt 0.87767 0.504248
vn 0.155527 0.580778 -0.799067
vt 0.751135 0.0451927
vn -0.114026 0.992758 -0.0378032
vt 0.877665 0
vn 0.754746 -0.518765 -0.401549
vt 0.495134 0.00310336
vn 0.432038 -0.412101 -0.802194
vt 0.00161526 0.00309532
vn 0.745054 -0.135238 -0.653151
vt 0.245315 0.262011
vn 0.592068 0.0800328 -0.801904
vt 0.00159005 0.51451
vn 0.981869 0.123547 -0.14377
vt 0.5005 0.357726
vn 0.836815 0.157951 -0.524206
vt 0.36416 0.492132
vn -0.56785 0.0384801 0.822232
vt 0.678523 0.519545
vn -0.587806 0.32547 0.740644
vt 0.986831 0.519545
vn -0.740068 0.124349 0.660936
vt 0.754554 0.775377
vn -0.808269 0.325855 0.490428
vt 0.986853 0.986383
vn -0.880225 0.0106601 0.474437
vt 0.506141 0.986359
vn -0.714316 -0.114195 0.690444
vt 0.506156 0.684744
vn 0.61817 0.664425 0.420007
vt 0.877667 0.253331
vn 0.0168513 0.99929 0.0337128
vt 0.877665 0
vn 0.424902 0.777961 -0.462855
vt 0.970626 0.0120657
vn 0.787253 0.456791 -0.414217
vt 1 0.233708
vn 0.990103 0.012697 -0.139764
vt 0.947999 0.469649
vn 0.933359 -0.0589407 0.354073
vt 0.87767 0.504248
vn 0.915259 0.0781775 0.395207
vt 0.803797 0.420988
vn 0.600424 0.683909 0.41444
vt 0.788454 0.247918
vn 0.0648565 0.994634 0.0805975
vt 0.751135 0.0451927
vn 0.574352 0.0618435 0.816269
vt 0.803797 0.420988
vn 0.115996 0.520895 0.845703
vt 0.788454 0.247918
vn 0.61817 0.664425 0.420007
vt 0.877667 0.253331
vn 0.933359 -0.0589407 0.354073
vt 0.87767 0.504248
vn -0.4698 0.565478 0.677881
vt 0.751135 0.0451927
vn 0.0168513 0.99929 0.0337128
vt 0.877665 0
vn -0.965028 0.0500923 -0.257317
vt 7.058e-006 0.513126
vn -0.811666 0.443855 0.379726
vt 0 0.999975
vn -0.771268 0.634661 -0.0484893
vt 0.214134 0.755811
vn -0.350595 0.910992 0.217202
vt 0.496617 1
vn -0.671721 0.453727 -0.585596
vt 0.317623 0.506434
vn -0.46335 0.630848 -0.622365
vt 0.494455 0.688274
vn 0.649117 -0.744206 -0.157499
vt 0.678523 0.519545
vn 0.839754 -0.514397 -0.17381
vt 0.986831 0.519545
vn 0.76299 -0.644973 0.0430873
vt 0.754554 0.775377
vn 0.89263 -0.427266 0.143716
vt 0.986853 0.986383
vn 0.705971 -0.643298 0.296265
vt 0.506141 0.986359
vn 0.586205 -0.80664 0.0754707
vt 0.506156 0.684744
g LOD0SG
usemtl Marigold_Patch_Mat
s 1

f 1/1/1 2/2/2 3/3/3 
f 3/3/3 4/4/4 1/1/1 
f 5/5/5 6/6/6 1/1/1 
f 1/1/1 4/4/4 5/5/5 
f 1/1/1 6/6/6 7/7/7 
f 7/7/7 8/8/8 1/1/1 
f 1/1/1 8/8/8 9/9/9 
f 9/9/9 2/2/2 1/1/1 
f 10/10/10 11/11/11 1/12/12 
f 1/12/12 6/13/13 10/10/10 
f 12/14/14 2/15/15 1/12/12 
f 1/12/12 11/11/11 12/14/14 
f 13/16/16 14/17/17 15/18/18 
f 15/18/18 16/19/19 13/16/16 
f 17/20/20 18/21/21 13/16/16 
f 13/16/16 16/19/19 17/20/20 
f 13/16/16 18/21/21 19/22/22 
f 19/22/22 20/23/23 13/16/16 
f 13/16/16 20/23/23 21/24/24 
f 21/24/24 14/17/17 13/16/16 
f 22/25/25 23/26/26 13/27/27 
f 13/27/27 18/28/28 22/25/25 
f 24/29/29 14/30/30 13/27/27 
f 13/27/27 23/26/26 24/29/29 
f 25/31/31 26/32/32 27/33/33 
f 27/33/33 28/34/34 25/31/31 
f 29/35/35 30/36/36 25/31/31 
f 25/31/31 28/34/34 29/35/35 
f 25/31/31 30/36/36 31/37/37 
f 31/37/37 32/38/38 25/31/31 
f 25/31/31 32/38/38 33/39/39 
f 33/39/39 26/32/32 25/31/31 
f 34/40/40 35/41/41 25/42/42 
f 25/42/42 30/43/43 34/40/40 
f 36/44/44 26/45/45 25/42/42 
f 25/42/42 35/41/41 36/44/44 
f 37/46/46 38/47/47 39/48/48 
f 39/48/48 40/49/49 37/46/46 
f 41/50/50 42/51/51 37/46/46 
f 37/46/46 40/49/49 41/50/50 
f 37/46/46 42/51/51 43/52/52 
f 43/52/52 44/53/53 37/46/46 
f 37/46/46 44/53/53 45/54/54 
f 45/54/54 38/47/47 37/46/46 
f 46/55/55 47/56/56 37/57/57 
f 37/57/57 42/58/58 46/55/55 
f 48/59/59 38/60/60 37/57/57 
f 37/57/57 47/56/56 48/59/59 
f 49/61/61 50/62/62 51/63/63 
f 51/63/63 52/64/64 49/61/61 
f 53/65/65 54/66/66 49/61/61 
f 49/61/61 52/64/64 53/65/65 
f 49/61/61 54/66/66 55/67/67 
f 55/67/67 56/68/68 49/61/61 
f 49/61/61 56/68/68 57/69/69 
f 57/69/69 50/62/62 49/61/61 
f 58/70/70 59/71/71 49/72/72 
f 49/72/72 54/73/73 58/70/70 
f 60/74/74 50/75/75 49/72/72 
f 49/72/72 59/71/71 60/74/74 
f 61/76/76 62/77/77 63/78/78 
f 63/78/78 64/79/79 61/76/76 
f 65/80/80 66/81/81 61/76/76 
f 61/76/76 64/79/79 65/80/80 
f 61/76/76 66/81/81 67/82/82 
f 67/82/82 68/83/83 61/76/76 
f 61/76/76 68/83/83 69/84/84 
f 69/84/84 62/77/77 61/76/76 
f 70/85/85 71/86/86 61/87/87 
f 61/87/87 66/88/88 70/85/85 
f 72/89/89 62/90/90 61/87/87 
f 61/87/87 71/86/86 72/89/89 
f 73/91/91 74/92/92 75/93/93 
f 75/93/93 76/94/94 73/91/91 
f 77/95/95 78/96/96 73/91/91 
f 73/91/91 76/94/94 77/95/95 
f 73/91/91 78/96/96 79/97/97 
f 79/97/97 80/98/98 73/91/91 
f 73/91/91 80/98/98 81/99/99 
f 81/99/99 74/92/92 73/91/91 
f 82/100/100 83/101/101 73/102/102 
f 73/102/102 78/103/103 82/100/100 
f 84/104/104 74/105/105 73/102/102 
f 73/102/102 83/101/101 84/104/104 
f 85/106/106 86/107/107 87/108/108 
f 87/108/108 88/109/109 85/106/106 
f 89/110/110 90/111/111 85/106/106 
f 85/106/106 88/109/109 89/110/110 
f 85/106/106 90/111/111 91/112/112 
f 91/112/112 92/113/113 85/106/106 
f 85/106/106 92/113/113 93/114/114 
f 93/114/114 86/107/107 85/106/106 
f 94/115/115 95/116/116 85/117/117 
f 85/117/117 90/118/118 94/115/115 
f 96/119/119 86/120/120 85/117/117 
f 85/117/117 95/116/116 96/119/119 
f 97/121/121 98/122/122 99/123/123 
f 99/123/123 100/124/124 97/121/121 
f 101/125/125 102/126/126 97/121/121 
f 97/121/121 100/124/124 101/125/125 
f 97/121/121 102/126/126 103/127/127 
f 103/127/127 104/128/128 97/121/121 
f 97/121/121 104/128/128 105/129/129 
f 105/129/129 98/122/122 97/121/121 
f 106/130/130 107/131/131 97/132/132 
f 97/132/132 102/133/133 106/130/130 
f 108/134/134 98/135/135 97/132/132 
f 97/132/132 107/131/131 108/134/134 
f 109/136/136 110/137/137 111/138/138 
f 111/138/138 112/139/139 109/136/136 
f 113/140/140 114/141/141 109/136/136 
f 109/136/136 112/139/139 113/140/140 
f 109/136/136 114/141/141 115/142/142 
f 115/142/142 116/143/143 109/136/136 
f 109/136/136 116/143/143 117/144/144 
f 117/144/144 110/137/137 109/136/136 
f 118/145/145 119/146/146 109/147/147 
f 109/147/147 114/148/148 118/145/145 
f 120/149/149 110/150/150 109/147/147 
f 109/147/147 119/146/146 120/149/149 
f 121/151/151 122/152/152 123/153/153 
f 123/153/153 124/154/154 121/151/151 
f 125/155/155 126/156/156 121/151/151 
f 121/151/151 124/154/154 125/155/155 
f 121/151/151 126/156/156 127/157/157 
f 127/157/157 128/158/158 121/151/151 
f 121/151/151 128/158/158 129/159/159 
f 129/159/159 122/152/152 121/151/151 
f 130/160/160 131/161/161 121/162/162 
f 121/162/162 126/163/163 130/160/160 
f 132/164/164 122/165/165 121/162/162 
f 121/162/162 131/161/161 132/164/164 
f 133/166/166 134/167/167 135/168/168 
f 135/168/168 136/169/169 133/166/166 
f 137/170/170 138/171/171 133/166/166 
f 133/166/166 136/169/169 137/170/170 
f 133/166/166 138/171/171 139/172/172 
f 139/172/172 140/173/173 133/166/166 
f 133/166/166 140/173/173 141/174/174 
f 141/174/174 134/167/167 133/166/166 
f 142/175/175 143/176/176 133/177/177 
f 133/177/177 138/178/178 142/175/175 
f 144/179/179 134/180/180 133/177/177 
f 133/177/177 143/176/176 144/179/179 
f 145/181/181 146/182/182 147/183/183 
f 147/183/183 148/184/184 145/181/181 
f 149/185/185 150/186/186 145/181/181 
f 145/181/181 148/184/184 149/185/185 
f 145/181/181 150/186/186 151/187/187 
f 151/187/187 152/188/188 145/181/181 
f 145/181/181 152/188/188 153/189/189 
f 153/189/189 146/182/182 145/181/181 
f 154/190/190 155/191/191 145/192/192 
f 145/192/192 150/193/193 154/190/190 
f 156/194/194 146/195/195 145/192/192 
f 145/192/192 155/191/191 156/194/194 
f 157/196/196 158/197/197 159/198/198 
f 159/198/198 160/199/199 157/196/196 
f 161/200/200 162/201/201 157/196/196 
f 157/196/196 160/199/199 161/200/200 
f 157/196/196 162/201/201 163/202/202 
f 163/202/202 164/203/203 157/196/196 
f 157/196/196 164/203/203 165/204/204 
f 165/204/204 158/197/197 157/196/196 
f 166/205/205 167/206/206 157/207/207 
f 157/207/207 162/208/208 166/205/205 
f 168/209/209 158/210/210 157/207/207 
f 157/207/207 167/206/206 168/209/209 
f 169/211/211 170/212/212 171/213/213 
f 171/213/213 172/214/214 169/211/211 
f 173/215/215 174/216/216 169/211/211 
f 169/211/211 172/214/214 173/215/215 
f 169/211/211 174/216/216 175/217/217 
f 175/217/217 176/218/218 169/211/211 
f 169/211/211 176/218/218 177/219/219 
f 177/219/219 170/212/212 169/211/211 
f 178/220/220 179/221/221 169/222/222 
f 169/222/222 174/223/223 178/220/220 
f 180/224/224 170/225/225 169/222/222 
f 169/222/222 179/221/221 180/224/224 
f 181/226/226 182/227/227 183/228/228 
f 183/228/228 184/229/229 181/226/226 
f 185/230/230 186/231/231 181/226/226 
f 181/226/226 184/229/229 185/230/230 
f 181/226/226 186/231/231 187/232/232 
f 187/232/232 188/233/233 181/226/226 
f 181/226/226 188/233/233 189/234/234 
f 189/234/234 182/227/227 181/226/226 
f 190/235/235 191/236/236 181/237/237 
f 181/237/237 186/238/238 190/235/235 
f 192/239/239 182/240/240 181/237/237 
f 181/237/237 191/236/236 192/239/239 
f 193/241/241 194/242/242 195/243/243 
f 195/243/243 196/244/244 193/241/241 
f 197/245/245 198/246/246 193/241/241 
f 193/241/241 196/244/244 197/245/245 
f 193/241/241 198/246/246 199/247/247 
f 199/247/247 200/248/248 193/241/241 
f 193/241/241 200/248/248 201/249/249 
f 201/249/249 194/242/242 193/241/241 
f 202/250/250 203/251/251 193/252/252 
f 193/252/252 198/253/253 202/250/250 
f 204/254/254 194/255/255 193/252/252 
f 193/252/252 203/251/251 204/254/254 
f 205/256/256 206/257/257 207/258/258 
f 207/258/258 208/259/259 205/256/256 
f 209/260/260 210/261/261 205/256/256 
f 205/256/256 208/259/259 209/260/260 
f 205/256/256 210/261/261 211/262/262 
f 211/262/262 212/263/263 205/256/256 
f 205/256/256 212/263/263 213/264/264 
f 213/264/264 206/257/257 205/256/256 
f 214/265/265 215/266/266 205/267/267 
f 205/267/267 210/268/268 214/265/265 
f 216/269/269 206/270/270 205/267/267 
f 205/267/267 215/266/266 216/269/269 
f 217/271/271 218/272/272 219/273/273 
f 219/273/273 220/274/274 217/271/271 
f 221/275/275 222/276/276 217/271/271 
f 217/271/271 220/274/274 221/275/275 
f 217/271/271 222/276/276 223/277/277 
f 223/277/277 224/278/278 217/271/271 
f 217/271/271 224/278/278 225/279/279 
f 225/279/279 218/272/272 217/271/271 
f 226/280/280 227/281/281 217/282/282 
f 217/282/282 222/283/283 226/280/280 
f 228/284/284 218/285/285 217/282/282 
f 217/282/282 227/281/281 228/284/284 
f 229/286/286 230/287/287 231/288/288 
f 231/288/288 232/289/289 229/286/286 
f 233/290/290 234/291/291 229/286/286 
f 229/286/286 232/289/289 233/290/290 
f 229/286/286 234/291/291 235/292/292 
f 235/292/292 236/293/293 229/286/286 
f 229/286/286 236/293/293 237/294/294 
f 237/294/294 230/287/287 229/286/286 
f 238/295/295 239/296/296 229/297/297 
f 229/297/297 234/298/298 238/295/295 
f 240/299/299 230/300/300 229/297/297 
f 229/297/297 239/296/296 240/299/299 
f 241/301/301 242/302/302 243/303/303 
f 243/303/303 244/304/304 241/301/301 
f 245/305/305 246/306/306 241/301/301 
f 241/301/301 244/304/304 245/305/305 
f 241/301/301 246/306/306 247/307/307 
f 247/307/307 248/308/308 241/301/301 
f 241/301/301 248/308/308 249/309/309 
f 249/309/309 242/302/302 241/301/301 
f 250/310/310 251/311/311 241/312/312 
f 241/312/312 246/313/313 250/310/310 
f 252/314/314 242/315/315 241/312/312 
f 241/312/312 251/311/311 252/314/314 
f 253/316/316 254/317/317 255/318/318 
f 255/318/318 256/319/319 253/316/316 
f 257/320/320 258/321/321 253/316/316 
f 253/316/316 256/319/319 257/320/320 
f 253/316/316 258/321/321 259/322/322 
f 259/322/322 260/323/323 253/316/316 
f 253/316/316 260/323/323 261/324/324 
f 261/324/324 254/317/317 253/316/316 
f 262/325/325 263/326/326 253/327/327 
f 253/327/327 258/328/328 262/325/325 
f 264/329/329 254/330/330 253/327/327 
f 253/327/327 263/326/326 264/329/329 
f 265/331/331 266/332/332 267/333/333 
f 267/333/333 268/334/334 265/331/331 
f 269/335/335 270/336/336 265/331/331 
f 265/331/331 268/334/334 269/335/335 
f 265/331/331 270/336/336 271/337/337 
f 271/337/337 272/338/338 265/331/331 
f 265/331/331 272/338/338 273/339/339 
f 273/339/339 266/332/332 265/331/331 
f 274/340/340 275/341/341 265/342/342 
f 265/342/342 270/343/343 274/340/340 
f 276/344/344 266/345/345 265/342/342 
f 265/342/342 275/341/341 276/344/344 
f 277/346/346 278/347/347 279/348/348 
f 279/348/348 280/349/349 277/346/346 
f 281/350/350 282/351/351 277/346/346 
f 277/346/346 280/349/349 281/350/350 
f 277/346/346 282/351/351 283/352/352 
f 283/352/352 284/353/353 277/346/346 
f 277/346/346 284/353/353 285/354/354 
f 285/354/354 278/347/347 277/346/346 
f 286/355/355 287/356/356 277/357/357 
f 277/357/357 282/358/358 286/355/355 
f 288/359/359 278/360/360 277/357/357 
f 277/357/357 287/356/356 288/359/359 
f 289/361/361 290/362/362 291/363/363 
f 291/363/363 292/364/364 289/361/361 
f 293/365/365 294/366/366 289/361/361 
f 289/361/361 292/364/364 293/365/365 
f 289/361/361 294/366/366 295/367/367 
f 295/367/367 296/368/368 289/361/361 
f 289/361/361 296/368/368 297/369/369 
f 297/369/369 290/362/362 289/361/361 
f 298/370/370 299/371/371 289/372/372 
f 289/372/372 294/373/373 298/370/370 
f 300/374/374 290/375/375 289/372/372 
f 289/372/372 299/371/371 300/374/374 
f 301/376/376 302/377/377 303/378/378 
f 303/378/378 304/379/379 301/376/376 
f 305/380/380 306/381/381 301/376/376 
f 301/376/376 304/379/379 305/380/380 
f 301/376/376 306/381/381 307/382/382 
f 307/382/382 308/383/383 301/376/376 
f 301/376/376 308/383/383 309/384/384 
f 309/384/384 302/377/377 301/376/376 
f 310/385/385 311/386/386 301/387/387 
f 301/387/387 306/388/388 310/385/385 
f 312/389/389 302/390/390 301/387/387 
f 301/387/387 311/386/386 312/389/389 
f 313/391/391 314/392/392 315/393/393 
f 314/392/392 316/394/394 315/393/393 
f 313/391/391 315/393/393 317/395/395 
f 316/394/394 318/396/396 315/393/393 
f 315/393/393 318/396/396 317/395/395 
f 319/397/397 320/398/398 321/399/399 
f 321/399/399 320/398/398 322/400/400 
f 323/401/401 321/399/399 322/400/400 
f 324/402/402 321/399/399 323/401/401 
f 319/397/397 321/399/399 324/402/402 
f 325/403/403 326/404/404 327/405/405 
f 327/405/405 328/406/406 325/403/403 
f 329/407/407 330/408/408 325/403/403 
f 325/403/403 328/406/406 329/407/407 
f 325/403/403 330/408/408 331/409/409 
f 331/409/409 332/410/410 325/403/403 
f 325/403/403 332/410/410 333/411/411 
f 333/411/411 326/404/404 325/403/403 
f 334/412/412 335/413/413 325/414/414 
f 325/414/414 330/415/415 334/412/412 
f 336/416/416 326/417/417 325/414/414 
f 325/414/414 335/413/413 336/416/416 
f 337/418/418 338/419/419 339/420/420 
f 338/419/419 340/421/421 339/420/420 
f 339/420/420 341/422/422 337/418/418 
f 339/420/420 340/421/421 342/423/423 
f 339/420/420 342/423/423 341/422/422 
f 343/424/424 344/425/425 345/426/426 
f 345/426/426 344/425/425 346/427/427 
f 347/428/428 345/426/426 346/427/427 
f 348/429/429 345/426/426 347/428/428 
f 343/424/424 345/426/426 348/429/429 
f 349/430/430 350/431/431 351/432/432 
f 351/432/432 352/433/433 349/430/430 
f 353/434/434 354/435/435 349/430/430 
f 349/430/430 352/433/433 353/434/434 
f 349/430/430 354/435/435 355/436/436 
f 355/436/436 356/437/437 349/430/430 
f 349/430/430 356/437/437 357/438/438 
f 357/438/438 350/431/431 349/430/430 
f 358/439/439 359/440/440 349/441/441 
f 349/441/441 354/442/442 358/439/439 
f 360/443/443 350/444/444 349/441/441 
f 349/441/441 359/440/440 360/443/443 
f 361/445/445 362/446/446 363/447/447 
f 362/446/446 364/448/448 363/447/447 
f 361/445/445 363/447/447 365/449/449 
f 364/448/448 366/450/450 363/447/447 
f 363/447/447 366/450/450 365/449/449 
f 367/451/451 368/452/452 369/453/453 
f 369/453/453 368/452/452 370/454/454 
f 371/455/455 369/453/453 370/454/454 
f 372/456/456 369/453/453 371/455/455 
f 367/451/451 369/453/453 372/456/456 
f 373/457/457 374/458/458 375/459/459 
f 375/459/459 376/460/460 373/457/457 
f 377/461/461 378/462/462 373/457/457 
f 373/457/457 376/460/460 377/461/461 
f 373/457/457 378/462/462 379/463/463 
f 379/463/463 380/464/464 373/457/457 
f 373/457/457 380/464/464 381/465/465 
f 381/465/465 374/458/458 373/457/457 
f 382/466/466 383/467/467 373/468/468 
f 373/468/468 378/469/469 382/466/466 
f 384/470/470 374/471/471 373/468/468 
f 373/468/468 383/467/467 384/470/470 
f 385/472/472 386/473/473 387/474/474 
f 386/473/473 388/475/475 387/474/474 
f 385/472/472 387/474/474 389/476/476 
f 388/475/475 390/477/477 387/474/474 
f 387/474/474 390/477/477 389/476/476 
f 391/478/478 392/479/479 393/480/480 
f 393/480/480 392/479/479 394/481/481 
f 395/482/482 393/480/480 394/481/481 
f 396/483/483 393/480/480 395/482/482 
f 391/478/478 393/480/480 396/483/483 
f 397/484/484 398/485/485 399/486/486 
f 399/486/486 400/487/487 397/484/484 
f 401/488/488 402/489/489 397/484/484 
f 397/484/484 400/487/487 401/488/488 
f 397/484/484 402/489/489 403/490/490 
f 403/490/490 404/491/491 397/484/484 
f 397/484/484 404/491/491 405/492/492 
f 405/492/492 398/485/485 397/484/484 
f 406/493/493 407/494/494 397/495/495 
f 397/495/495 402/496/496 406/493/493 
f 408/497/497 398/498/498 397/495/495 
f 397/495/495 407/494/494 408/497/497 
f 409/499/499 410/500/500 411/501/501 
f 410/500/500 412/502/502 411/501/501 
f 411/501/501 413/503/503 409/499/499 
f 411/501/501 412/502/502 414/504/504 
f 411/501/501 414/504/504 413/503/503 
f 415/505/505 416/506/506 417/507/507 
f 417/507/507 416/506/506 418/508/508 
f 419/509/509 417/507/507 418/508/508 
f 420/510/510 417/507/507 419/509/509 
f 415/505/505 417/507/507 420/510/510 
f 421/511/511 422/512/512 423/513/513 
f 423/513/513 424/514/514 421/511/511 
f 425/515/515 426/516/516 421/511/511 
f 421/511/511 424/514/514 425/515/515 
f 421/511/511 426/516/516 427/517/517 
f 427/517/517 428/518/518 421/511/511 
f 421/511/511 428/518/518 429/519/519 
f 429/519/519 422/512/512 421/511/511 
f 430/520/520 431/521/521 421/522/522 
f 421/522/522 426/523/523 430/520/520 
f 432/524/524 422/525/525 421/522/522 
f 421/522/522 431/521/521 432/524/524 
f 433/526/526 434/527/527 435/528/528 
f 434/527/527 436/529/529 435/528/528 
f 433/526/526 435/528/528 437/530/530 
f 436/529/529 438/531/531 435/528/528 
f 435/528/528 438/531/531 437/530/530 
f 439/532/532 440/533/533 441/534/534 
f 441/534/534 440/533/533 442/535/535 
f 443/536/536 441/534/534 442/535/535 
f 444/537/537 441/534/534 443/536/536 
f 439/532/532 441/534/534 444/537/537 
f 445/538/538 446/539/539 447/540/540 
f 447/540/540 448/541/541 445/538/538 
f 449/542/542 450/543/543 445/538/538 
f 445/538/538 448/541/541 449/542/542 
f 445/538/538 450/543/543 451/544/544 
f 451/544/544 452/545/545 445/538/538 
f 445/538/538 452/545/545 453/546/546 
f 453/546/546 446/539/539 445/538/538 
f 454/547/547 455/548/548 445/549/549 
f 445/549/549 450/550/550 454/547/547 
f 456/551/551 446/552/552 445/549/549 
f 445/549/549 455/548/548 456/551/551 
f 457/553/553 458/554/554 459/555/555 
f 458/554/554 460/556/556 459/555/555 
f 457/553/553 459/555/555 461/557/557 
f 460/556/556 462/558/558 459/555/555 
f 459/555/555 462/558/558 461/557/557 
f 463/559/559 464/560/560 465/561/561 
f 465/561/561 464/560/560 466/562/562 
f 467/563/563 465/561/561 466/562/562 
f 468/564/564 465/561/561 467/563/563 
f 463/559/559 465/561/561 468/564/564 
f 469/565/565 470/566/566 471/567/567 
f 471/567/567 472/568/568 469/565/565 
f 473/569/569 474/570/570 469/565/565 
f 469/565/565 472/568/568 473/569/569 
f 469/565/565 474/570/570 475/571/571 
f 475/571/571 476/572/572 469/565/565 
f 469/565/565 476/572/572 477/573/573 
f 477/573/573 470/566/566 469/565/565 
f 478/574/574 479/575/575 469/576/576 
f 469/576/576 474/577/577 478/574/574 
f 480/578/578 470/579/579 469/576/576 
f 469/576/576 479/575/575 480/578/578 
f 481/580/580 482/581/581 483/582/582 
f 482/581/581 484/583/583 483/582/582 
f 481/580/580 483/582/582 485/584/584 
f 484/583/583 486/585/585 483/582/582 
f 483/582/582 486/585/585 485/584/584 
f 487/586/586 488/587/587 489/588/588 
f 489/588/588 488/587/587 490/589/589 
f 491/590/590 489/588/588 490/589/589 
f 492/591/591 489/588/588 491/590/590 
f 487/586/586 489/588/588 492/591/591 
f 493/592/592 494/593/593 495/594/594 
f 495/594/594 496/595/595 493/592/592 
f 497/596/596 498/597/597 493/592/592 
f 493/592/592 496/595/595 497/596/596 
f 493/592/592 498/597/597 499/598/598 
f 499/598/598 500/599/599 493/592/592 
f 493/592/592 500/599/599 501/600/600 
f 501/600/600 494/593/593 493/592/592 
f 502/601/601 503/602/602 493/603/603 
f 493/603/603 498/604/604 502/601/601 
f 504/605/605 494/606/606 493/603/603 
f 493/603/603 503/602/602 504/605/605 
f 505/607/607 506/608/608 507/609/609 
f 506/608/608 508/610/610 507/609/609 
f 507/609/609 509/611/611 505/607/607 
f 507/609/609 508/610/610 510/612/612 
f 507/609/609 510/612/612 509/611/611 
f 511/613/613 512/614/614 513/615/615 
f 513/615/615 512/614/614 514/616/616 
f 515/617/617 513/615/615 514/616/616 
f 516/618/618 513/615/615 515/617/617 
f 511/613/613 513/615/615 516/618/618 
f 517/619/619 518/620/620 519/621/621 
f 519/621/621 520/622/622 517/619/619 
f 521/623/623 522/624/624 517/619/619 
f 517/619/619 520/622/622 521/623/623 
f 517/619/619 522/624/624 523/625/625 
f 523/625/625 524/626/626 517/619/619 
f 517/619/619 524/626/626 525/627/627 
f 525/627/627 518/620/620 517/619/619 
f 526/628/628 527/629/629 517/630/630 
f 517/630/630 522/631/631 526/628/628 
f 528/632/632 518/633/633 517/630/630 
f 517/630/630 527/629/629 528/632/632 
f 529/634/634 530/635/635 531/636/636 
f 530/635/635 532/637/637 531/636/636 
f 529/634/634 531/636/636 533/638/638 
f 532/637/637 534/639/639 531/636/636 
f 531/636/636 534/639/639 533/638/638 
f 535/640/640 536/641/641 537/642/642 
f 537/642/642 536/641/641 538/643/643 
f 539/644/644 537/642/642 538/643/643 
f 540/645/645 537/642/642 539/644/644 
f 535/640/640 537/642/642 540/645/645 
f 541/646/646 542/647/647 543/648/648 
f 543/648/648 544/649/649 541/646/646 
f 545/650/650 546/651/651 541/646/646 
f 541/646/646 544/649/649 545/650/650 
f 541/646/646 546/651/651 547/652/652 
f 547/652/652 548/653/653 541/646/646 
f 541/646/646 548/653/653 549/654/654 
f 549/654/654 542/647/647 541/646/646 
f 550/655/655 551/656/656 541/657/657 
f 541/657/657 546/658/658 550/655/655 
f 552/659/659 542/660/660 541/657/657 
f 541/657/657 551/656/656 552/659/659 
f 553/661/661 554/662/662 555/663/663 
f 554/662/662 556/664/664 555/663/663 
f 553/661/661 555/663/663 557/665/665 
f 556/664/664 558/666/666 555/663/663 
f 555/663/663 558/666/666 557/665/665 
f 559/667/667 560/668/668 561/669/669 
f 561/669/669 560/668/668 562/670/670 
f 563/671/671 561/669/669 562/670/670 
f 564/672/672 561/669/669 563/671/671 
f 559/667/667 561/669/669 564/672/672 
f 565/673/673 566/674/674 567/675/675 
f 567/675/675 568/676/676 565/673/673 
f 569/677/677 570/678/678 565/673/673 
f 565/673/673 568/676/676 569/677/677 
f 565/673/673 570/678/678 571/679/679 
f 571/679/679 572/680/680 565/673/673 
f 565/673/673 572/680/680 573/681/681 
f 573/681/681 566/674/674 565/673/673 
f 574/682/682 575/683/683 565/684/684 
f 565/684/684 570/685/685 574/682/682 
f 576/686/686 566/687/687 565/684/684 
f 565/684/684 575/683/683 576/686/686 
f 577/688/688 578/689/689 579/690/690 
f 578/689/689 580/691/691 579/690/690 
f 579/690/690 581/692/692 577/688/688 
f 579/690/690 580/691/691 582/693/693 
f 579/690/690 582/693/693 581/692/692 
f 583/694/694 584/695/695 585/696/696 
f 585/696/696 584/695/695 586/697/697 
f 587/698/698 585/696/696 586/697/697 
f 588/699/699 585/696/696 587/698/698 
f 583/694/694 585/696/696 588/699/699 
f 589/700/700 590/701/701 591/702/702 
f 591/702/702 592/703/703 589/700/700 
f 593/704/704 594/705/705 589/700/700 
f 589/700/700 592/703/703 593/704/704 
f 589/700/700 594/705/705 595/706/706 
f 595/706/706 596/707/707 589/700/700 
f 589/700/700 596/707/707 597/708/708 
f 597/708/708 590/701/701 589/700/700 
f 598/709/709 599/710/710 589/711/711 
f 589/711/711 594/712/712 598/709/709 
f 600/713/713 590/714/714 589/711/711 
f 589/711/711 599/710/710 600/713/713 
f 601/715/715 602/716/716 603/717/717 
f 602/716/716 604/718/718 603/717/717 
f 601/715/715 603/717/717 605/719/719 
f 604/718/718 606/720/720 603/717/717 
f 603/717/717 606/720/720 605/719/719 
f 607/721/721 608/722/722 609/723/723 
f 609/723/723 608/722/722 610/724/724 
f 611/725/725 609/723/723 610/724/724 
f 612/726/726 609/723/723 611/725/725 
f 607/721/721 609/723/723 612/726/726 
f 613/727/727 614/728/728 615/729/729 
f 615/729/729 616/730/730 613/727/727 
f 617/731/731 618/732/732 613/727/727 
f 613/727/727 616/730/730 617/731/731 
f 613/727/727 618/732/732 619/733/733 
f 619/733/733 620/734/734 613/727/727 
f 613/727/727 620/734/734 621/735/735 
f 621/735/735 614/728/728 613/727/727 
f 622/736/736 623/737/737 613/738/738 
f 613/738/738 618/739/739 622/736/736 
f 624/740/740 614/741/741 613/738/738 
f 613/738/738 623/737/737 624/740/740 
f 625/742/742 626/743/743 627/744/744 
f 626/743/743 628/745/745 627/744/744 
f 625/742/742 627/744/744 629/746/746 
f 628/745/745 630/747/747 627/744/744 
f 627/744/744 630/747/747 629/746/746 
f 631/748/748 632/749/749 633/750/750 
f 633/750/750 632/749/749 634/751/751 
f 635/752/752 633/750/750 634/751/751 
f 636/753/753 633/750/750 635/752/752 
f 631/748/748 633/750/750 636/753/753 
f 637/754/754 638/755/755 639/756/756 
f 639/756/756 640/757/757 637/754/754 
f 641/758/758 642/759/759 637/754/754 
f 637/754/754 640/757/757 641/758/758 
f 637/754/754 642/759/759 643/760/760 
f 643/760/760 644/761/761 637/754/754 
f 637/754/754 644/761/761 645/762/762 
f 645/762/762 638/755/755 637/754/754 
f 646/763/763 647/764/764 637/765/765 
f 637/765/765 642/766/766 646/763/763 
f 648/767/767 638/768/768 637/765/765 
f 637/765/765 647/764/764 648/767/767 
f 649/769/769 650/770/770 651/771/771 
f 650/770/770 652/772/772 651/771/771 
f 651/771/771 653/773/773 649/769/769 
f 651/771/771 652/772/772 654/774/774 
f 651/771/771 654/774/774 653/773/773 
f 655/775/775 656/776/776 657/777/777 
f 657/777/777 656/776/776 658/778/778 
f 659/779/779 657/777/777 658/778/778 
f 660/780/780 657/777/777 659/779/779 
f 655/775/775 657/777/777 660/780/780 
f 661/781/781 662/782/782 663/783/783 
f 663/783/783 664/784/784 661/781/781 
f 665/785/785 666/786/786 661/781/781 
f 661/781/781 664/784/784 665/785/785 
f 661/781/781 666/786/786 667/787/787 
f 667/787/787 668/788/788 661/781/781 
f 661/781/781 668/788/788 669/789/789 
f 669/789/789 662/782/782 661/781/781 
f 670/790/790 671/791/791 661/792/792 
f 661/792/792 666/793/793 670/790/790 
f 672/794/794 662/795/795 661/792/792 
f 661/792/792 671/791/791 672/794/794 
f 673/796/796 674/797/797 675/798/798 
f 674/797/797 676/799/799 675/798/798 
f 675/798/798 677/800/800 673/796/796 
f 675/798/798 676/799/799 678/801/801 
f 675/798/798 678/801/801 677/800/800 
f 679/802/802 680/803/803 681/804/804 
f 681/804/804 680/803/803 682/805/805 
f 683/806/806 681/804/804 682/805/805 
f 684/807/807 681/804/804 683/806/806 
f 679/802/802 681/804/804 684/807/807 
f 685/808/808 686/809/809 687/810/810 
f 687/810/810 688/811/811 685/808/808 
f 689/812/812 690/813/813 685/808/808 
f 685/808/808 688/811/811 689/812/812 
f 685/808/808 690/813/813 691/814/814 
f 691/814/814 692/815/815 685/808/808 
f 685/808/808 692/815/815 693/816/816 
f 693/816/816 686/809/809 685/808/808 
f 694/817/817 695/818/818 685/819/819 
f 685/819/819 690/820/820 694/817/817 
f 696/821/821 686/822/822 685/819/819 
f 685/819/819 695/818/818 696/821/821 
f 697/823/823 698/824/824 699/825/825 
f 698/824/824 700/826/826 699/825/825 
f 697/823/823 699/825/825 701/827/827 
f 700/826/826 702/828/828 699/825/825 
f 699/825/825 702/828/828 701/827/827 
f 703/829/829 704/830/830 705/831/831 
f 705/831/831 704/830/830 706/832/832 
f 707/833/833 705/831/831 706/832/832 
f 708/834/834 705/831/831 707/833/833 
f 703/829/829 705/831/831 708/834/834 
f 709/835/835 710/836/836 711/837/837 
f 711/837/837 712/838/838 709/835/835 
f 713/839/839 714/840/840 709/835/835 
f 709/835/835 712/838/838 713/839/839 
f 709/835/835 714/840/840 715/841/841 
f 715/841/841 716/842/842 709/835/835 
f 709/835/835 716/842/842 717/843/843 
f 717/843/843 710/836/836 709/835/835 
f 718/844/844 719/845/845 709/846/846 
f 709/846/846 714/847/847 718/844/844 
f 720/848/848 710/849/849 709/846/846 
f 709/846/846 719/845/845 720/848/848 
f 721/850/850 722/851/851 723/852/852 
f 722/851/851 724/853/853 723/852/852 
f 721/850/850 723/852/852 725/854/854 
f 724/853/853 726/855/855 723/852/852 
f 723/852/852 726/855/855 725/854/854 
f 727/856/856 728/857/857 729/858/858 
f 729/858/858 728/857/857 730/859/859 
f 731/860/860 729/858/858 730/859/859 
f 732/861/861 729/858/858 731/860/860 
f 727/856/856 729/858/858 732/861/861 
f 733/862/862 734/863/863 735/864/864 
f 735/864/864 736/865/865 733/862/862 
f 737/866/866 738/867/867 733/862/862 
f 733/862/862 736/865/865 737/866/866 
f 733/862/862 738/867/867 739/868/868 
f 739/868/868 740/869/869 733/862/862 
f 733/862/862 740/869/869 741/870/870 
f 741/870/870 734/863/863 733/862/862 
f 742/871/871 743/872/872 733/873/873 
f 733/873/873 738/874/874 742/871/871 
f 744/875/875 734/876/876 733/873/873 
f 733/873/873 743/872/872 744/875/875 
f 745/877/877 746/878/878 747/879/879 
f 746/878/878 748/880/880 747/879/879 
f 747/879/879 749/881/881 745/877/877 
f 747/879/879 748/880/880 750/882/882 
f 747/879/879 750/882/882 749/881/881 
f 751/883/883 752/884/884 753/885/885 
f 753/885/885 752/884/884 754/886/886 
f 755/887/887 753/885/885 754/886/886 
f 756/888/888 753/885/885 755/887/887 
f 751/883/883 753/885/885 756/888/888 
f 757/889/889 758/890/890 759/891/891 
f 759/891/891 760/892/892 757/889/889 
f 761/893/893 762/894/894 757/889/889 
f 757/889/889 760/892/892 761/893/893 
f 757/889/889 762/894/894 763/895/895 
f 763/895/895 764/896/896 757/889/889 
f 757/889/889 764/896/896 765/897/897 
f 765/897/897 758/890/890 757/889/889 
f 766/898/898 767/899/899 757/900/900 
f 757/900/900 762/901/901 766/898/898 
f 768/902/902 758/903/903 757/900/900 
f 757/900/900 767/899/899 768/902/902 
f 769/904/904 770/905/905 771/906/906 
f 770/905/905 772/907/907 771/906/906 
f 769/904/904 771/906/906 773/908/908 
f 772/907/907 774/909/909 771/906/906 
f 771/906/906 774/909/909 773/908/908 
f 775/910/910 776/911/911 777/912/912 
f 777/912/912 776/911/911 778/913/913 
f 779/914/914 777/912/912 778/913/913 
f 780/915/915 777/912/912 779/914/914 
f 775/910/910 777/912/912 780/915/915 
f 781/916/916 782/917/917 783/918/918 
f 783/918/918 784/919/919 781/916/916 
f 785/920/920 786/921/921 781/916/916 
f 781/916/916 784/919/919 785/920/920 
f 781/916/916 786/921/921 787/922/922 
f 787/922/922 788/923/923 781/916/916 
f 781/916/916 788/923/923 789/924/924 
f 789/924/924 782/917/917 781/916/916 
f 790/925/925 791/926/926 781/927/927 
f 781/927/927 786/928/928 790/925/925 
f 792/929/929 782/930/930 781/927/927 
f 781/927/927 791/926/926 792/929/929 
f 793/931/931 794/932/932 795/933/933 
f 794/932/932 796/934/934 795/933/933 
f 795/933/933 797/935/935 793/931/931 
f 795/933/933 796/934/934 798/936/936 
f 795/933/933 798/936/936 797/935/935 
f 799/937/937 800/938/938 801/939/939 
f 801/939/939 800/938/938 802/940/940 
f 803/941/941 801/939/939 802/940/940 
f 804/942/942 801/939/939 803/941/941 
f 799/937/937 801/939/939 804/942/942 
f 805/943/943 806/944/944 807/945/945 
f 807/945/945 808/946/946 805/943/943 
f 809/947/947 810/948/948 805/943/943 
f 805/943/943 808/946/946 809/947/947 
f 805/943/943 810/948/948 811/949/949 
f 811/949/949 812/950/950 805/943/943 
f 805/943/943 812/950/950 813/951/951 
f 813/951/951 806/944/944 805/943/943 
f 814/952/952 815/953/953 805/954/954 
f 805/954/954 810/955/955 814/952/952 
f 816/956/956 806/957/957 805/954/954 
f 805/954/954 815/953/953 816/956/956 
f 817/958/958 818/959/959 819/960/960 
f 818/959/959 820/961/961 819/960/960 
f 819/960/960 821/962/962 817/958/958 
f 819/960/960 820/961/961 822/963/963 
f 819/960/960 822/963/963 821/962/962 
f 823/964/964 824/965/965 825/966/966 
f 825/966/966 824/965/965 826/967/967 
f 827/968/968 825/966/966 826/967/967 
f 828/969/969 825/966/966 827/968/968 
f 823/964/964 825/966/966 828/969/969 
f 829/970/970 830/971/971 831/972/972 
f 831/972/972 832/973/973 829/970/970 
f 833/974/974 834/975/975 829/970/970 
f 829/970/970 832/973/973 833/974/974 
f 829/970/970 834/975/975 835/976/976 
f 835/976/976 836/977/977 829/970/970 
f 829/970/970 836/977/977 837/978/978 
f 837/978/978 830/971/971 829/970/970 
f 838/979/979 839/980/980 829/981/981 
f 829/981/981 834/982/982 838/979/979 
f 840/983/983 830/984/984 829/981/981 
f 829/981/981 839/980/980 840/983/983 
f 841/985/985 842/986/986 843/987/987 
f 842/986/986 844/988/988 843/987/987 
f 841/985/985 843/987/987 845/989/989 
f 844/988/988 846/990/990 843/987/987 
f 843/987/987 846/990/990 845/989/989 
f 847/991/991 848/992/992 849/993/993 
f 849/993/993 848/992/992 850/994/994 
f 851/995/995 849/993/993 850/994/994 
f 852/996/996 849/993/993 851/995/995 
f 847/991/991 849/993/993 852/996/996 
f 853/997/997 854/998/998 855/999/999 
f 855/999/999 856/1000/1000 853/997/997 
f 857/1001/1001 858/1002/1002 853/997/997 
f 853/997/997 856/1000/1000 857/1001/1001 
f 853/997/997 858/1002/1002 859/1003/1003 
f 859/1003/1003 860/1004/1004 853/997/997 
f 853/997/997 860/1004/1004 861/1005/1005 
f 861/1005/1005 854/998/998 853/997/997 
f 862/1006/1006 863/1007/1007 853/1008/1008 
f 853/1008/1008 858/1009/1009 862/1006/1006 
f 864/1010/1010 854/1011/1011 853/1008/1008 
f 853/1008/1008 863/1007/1007 864/1010/1010 
f 865/1012/1012 866/1013/1013 867/1014/1014 
f 866/1013/1013 868/1015/1015 867/1014/1014 
f 865/1012/1012 867/1014/1014 869/1016/1016 
f 868/1015/1015 870/1017/1017 867/1014/1014 
f 867/1014/1014 870/1017/1017 869/1016/1016 
f 871/1018/1018 872/1019/1019 873/1020/1020 
f 873/1020/1020 872/1019/1019 874/1021/1021 
f 875/1022/1022 873/1020/1020 874/1021/1021 
f 876/1023/1023 873/1020/1020 875/1022/1022 
f 871/1018/1018 873/1020/1020 876/1023/1023 
f 877/1024/1024 878/1025/1025 879/1026/1026 
f 879/1026/1026 880/1027/1027 877/1024/1024 
f 881/1028/1028 882/1029/1029 877/1024/1024 
f 877/1024/1024 880/1027/1027 881/1028/1028 
f 877/1024/1024 882/1029/1029 883/1030/1030 
f 883/1030/1030 884/1031/1031 877/1024/1024 
f 877/1024/1024 884/1031/1031 885/1032/1032 
f 885/1032/1032 878/1025/1025 877/1024/1024 
f 886/1033/1033 887/1034/1034 877/1035/1035 
f 877/1035/1035 882/1036/1036 886/1033/1033 
f 888/1037/1037 878/1038/1038 877/1035/1035 
f 877/1035/1035 887/1034/1034 888/1037/1037 
f 889/1039/1039 890/1040/1040 891/1041/1041 
f 890/1040/1040 892/1042/1042 891/1041/1041 
f 891/1041/1041 893/1043/1043 889/1039/1039 
f 891/1041/1041 892/1042/1042 894/1044/1044 
f 891/1041/1041 894/1044/1044 893/1043/1043 
f 895/1045/1045 896/1046/1046 897/1047/1047 
f 897/1047/1047 896/1046/1046 898/1048/1048 
f 899/1049/1049 897/1047/1047 898/1048/1048 
f 900/1050/1050 897/1047/1047 899/1049/1049 
f 895/1045/1045 897/1047/1047 900/1050/1050 



